#
# There is insufficient memory for the Java Runtime Environment to continue.
# Native memory allocation (malloc) failed to allocate 1042416 bytes. Error detail: Chunk::new
# Possible reasons:
#   The system is out of physical RAM or swap space
#   This process is running with CompressedOops enabled, and the Java Heap may be blocking the growth of the native heap
# Possible solutions:
#   Reduce memory load on the system
#   Increase physical memory or swap space
#   Check if swap backing store is full
#   Decrease Java heap size (-Xmx/-Xms)
#   Decrease number of Java threads
#   Decrease Java thread stack sizes (-Xss)
#   Set larger code cache with -XX:ReservedCodeCacheSize=
#   JVM is running with Unscaled Compressed Oops mode in which the Java heap is
#     placed in the first 4GB address space. The Java Heap base address is the
#     maximum limit for the native heap growth. Please use -XX:HeapBaseMinAddress
#     to set the Java Heap base and to place the Java Heap above 4GB virtual address.
# This output file may be truncated or incomplete.
#
#  Out of Memory Error (arena.cpp:191), pid=13384, tid=11424
#
# JRE version: OpenJDK Runtime Environment (17.0.11) (build 17.0.11+0--11852314)
# Java VM: OpenJDK 64-Bit Server VM (17.0.11+0--11852314, mixed mode, tiered, compressed oops, compressed class ptrs, g1 gc, windows-amd64)
# No core dump will be written. Minidumps are not enabled by default on client versions of Windows
#

---------------  S U M M A R Y ------------

Command Line: --add-opens=java.base/java.util=ALL-UNNAMED --add-opens=java.base/java.lang=ALL-UNNAMED --add-opens=java.base/java.lang.invoke=ALL-UNNAMED --add-opens=java.prefs/java.util.prefs=ALL-UNNAMED --add-opens=java.base/java.nio.charset=ALL-UNNAMED --add-opens=java.base/java.net=ALL-UNNAMED --add-opens=java.base/java.util.concurrent.atomic=ALL-UNNAMED -Xmx2048m -Dfile.encoding=UTF-8 -Duser.country=GT -Duser.language=es -Duser.variant -javaagent:C:\Users\usuario\.gradle\wrapper\dists\gradle-8.7-bin\bhs2wmbdwecv87pi65oeuq5iu\gradle-8.7\lib\agents\gradle-instrumentation-agent-8.7.jar org.gradle.launcher.daemon.bootstrap.GradleDaemon 8.7

Host: Intel(R) Core(TM) i5-1035G1 CPU @ 1.00GHz, 8 cores, 15G,  Windows 11 , 64 bit Build 22621 (10.0.22621.4391)
Time: Fri Oct 25 01:58:00 2024 Hora estándar, América Central elapsed time: 28.248559 seconds (0d 0h 0m 28s)

---------------  T H R E A D  ---------------

Current thread (0x0000028dcf670710):  JavaThread "C2 CompilerThread2" daemon [_thread_in_native, id=11424, stack(0x000000e1a3300000,0x000000e1a3400000)]


Current CompileTask:
C2:  28248 18125       4       org.gradle.internal.snapshot.impl.DirectorySnapshotter$PathVisitor::snapshotFile (213 bytes)

Stack: [0x000000e1a3300000,0x000000e1a3400000]
Native frames: (J=compiled Java code, j=interpreted, Vv=VM code, C=native code)
V  [jvm.dll+0x687bb9]
V  [jvm.dll+0x84142a]
V  [jvm.dll+0x8430ae]
V  [jvm.dll+0x843713]
V  [jvm.dll+0x24a35f]
V  [jvm.dll+0xac544]
V  [jvm.dll+0xacb8c]
V  [jvm.dll+0x2b194f]
V  [jvm.dll+0x58eba7]
V  [jvm.dll+0x2247e2]
V  [jvm.dll+0x224bdf]
V  [jvm.dll+0x21dd00]
V  [jvm.dll+0x21b201]
V  [jvm.dll+0x1a63ed]
V  [jvm.dll+0x22b1ee]
V  [jvm.dll+0x229375]
V  [jvm.dll+0x7f5647]
V  [jvm.dll+0x7efa4a]
V  [jvm.dll+0x686a35]
C  [ucrtbase.dll+0x29333]
C  [KERNEL32.DLL+0x1259d]
C  [ntdll.dll+0x5af38]


---------------  P R O C E S S  ---------------

Threads class SMR info:
_java_thread_list=0x0000028dcb19b3b0, length=143, elements={
0x0000028daaf3f7b0, 0x0000028dc9070020, 0x0000028dc9070be0, 0x0000028dc905b9f0,
0x0000028dc905c5b0, 0x0000028dc9097410, 0x0000028dc909a500, 0x0000028dc909b400,
0x0000028dc909beb0, 0x0000028dc909d5f0, 0x0000028dc4da5e20, 0x0000028dc9333f40,
0x0000028dcaaeed60, 0x0000028dcb70d740, 0x0000028dcb97fce0, 0x0000028dcbdc1b30,
0x0000028dcb8303d0, 0x0000028dcb8308e0, 0x0000028dcb831300, 0x0000028dcb831810,
0x0000028dcb82e570, 0x0000028dcb82ea80, 0x0000028dce707f90, 0x0000028dce2802c0,
0x0000028dce27e970, 0x0000028dce27e460, 0x0000028dce282630, 0x0000028dce27ee80,
0x0000028dce27c0f0, 0x0000028dce283560, 0x0000028dce2811f0, 0x0000028dce281c10,
0x0000028dce280ce0, 0x0000028dce282120, 0x0000028dce282b40, 0x0000028dcfb057f0,
0x0000028dcfb043b0, 0x0000028dcfb048c0, 0x0000028dcfb04dd0, 0x0000028dcfb052e0,
0x0000028dcfb05d00, 0x0000028dce55c1d0, 0x0000028dce55e540, 0x0000028dce55ea50,
0x0000028dce55ef60, 0x0000028dcf66e730, 0x0000028dcbd87010, 0x0000028dcbd86b00,
0x0000028dcbd87520, 0x0000028dcbd865f0, 0x0000028dcbd85bd0, 0x0000028dcbd860e0,
0x0000028dcfab67c0, 0x0000028dcfab8b30, 0x0000028dce1da180, 0x0000028dce27cb10,
0x0000028dce27da40, 0x0000028dce283050, 0x0000028dce27c600, 0x0000028dce706b50,
0x0000028dce705c20, 0x0000028dce707570, 0x0000028dd07b8aa0, 0x0000028dcfab9040,
0x0000028dcfab8110, 0x0000028dcfab5da0, 0x0000028dcfab62b0, 0x0000028dcfab8620,
0x0000028dcfab5890, 0x0000028dcfab7c00, 0x0000028dcf670710, 0x0000028dcbb5bf40,
0x0000028dcbb5c450, 0x0000028dc931de80, 0x0000028dc931e390, 0x0000028dce51d6c0,
0x0000028dce51bd70, 0x0000028dce51dbd0, 0x0000028dce0d58e0, 0x0000028dce51e0e0,
0x0000028dce51e5f0, 0x0000028dce51c280, 0x0000028dce51eb00, 0x0000028dce51f010,
0x0000028dce51b860, 0x0000028dce51c790, 0x0000028dd5ddee80, 0x0000028dd5ddd020,
0x0000028dd5ddc600, 0x0000028dd5ddfdb0, 0x0000028dd5dde970, 0x0000028dd5ddf390,
0x0000028dd5ddf8a0, 0x0000028dd5ddd530, 0x0000028dd5dddf50, 0x0000028dca2addc0,
0x0000028dd5b42bf0, 0x0000028dce709df0, 0x0000028dce705200, 0x0000028dd5b45470,
0x0000028dd5b41cc0, 0x0000028dd5b43100, 0x0000028dd5b43610, 0x0000028dd5b43b20,
0x0000028dd5b426e0, 0x0000028dd5b44f60, 0x0000028dd5b44030, 0x0000028dcb5f9d80,
0x0000028dce707a80, 0x0000028dce707060, 0x0000028dce7084a0, 0x0000028dce70a300,
0x0000028dd07b7150, 0x0000028dd07b7b70, 0x0000028dd07b7660, 0x0000028dce1da690,
0x0000028dce1db0b0, 0x0000028dce1d9c70, 0x0000028dce1db5c0, 0x0000028dce1daba0,
0x0000028dd5a79300, 0x0000028dd5a79810, 0x0000028dce51d1b0, 0x0000028dce51cca0,
0x0000028dce0d5df0, 0x0000028dd5822b60, 0x0000028dd5823070, 0x0000028dd58244b0,
0x0000028dd5821c30, 0x0000028dce7089b0, 0x0000028dce70ad20, 0x0000028dce708ec0,
0x0000028dce7093d0, 0x0000028dce70b230, 0x0000028dce70a810, 0x0000028dce70b740,
0x0000028dce55e030, 0x0000028dce55d100, 0x0000028dd5823580, 0x0000028dcb5facb0,
0x0000028dcb5fb6d0, 0x0000028dd07b8080, 0x0000028dd0019910
}

Java Threads: ( => current thread )
  0x0000028daaf3f7b0 JavaThread "main" [_thread_blocked, id=9036, stack(0x000000e19ec00000,0x000000e19ed00000)]
  0x0000028dc9070020 JavaThread "Reference Handler" daemon [_thread_blocked, id=12804, stack(0x000000e19f300000,0x000000e19f400000)]
  0x0000028dc9070be0 JavaThread "Finalizer" daemon [_thread_blocked, id=8268, stack(0x000000e19f400000,0x000000e19f500000)]
  0x0000028dc905b9f0 JavaThread "Signal Dispatcher" daemon [_thread_blocked, id=11056, stack(0x000000e19f500000,0x000000e19f600000)]
  0x0000028dc905c5b0 JavaThread "Attach Listener" daemon [_thread_blocked, id=14768, stack(0x000000e19f600000,0x000000e19f700000)]
  0x0000028dc9097410 JavaThread "Service Thread" daemon [_thread_blocked, id=8816, stack(0x000000e19f700000,0x000000e19f800000)]
  0x0000028dc909a500 JavaThread "Monitor Deflation Thread" daemon [_thread_blocked, id=16576, stack(0x000000e19f800000,0x000000e19f900000)]
  0x0000028dc909b400 JavaThread "C2 CompilerThread0" daemon [_thread_in_native, id=17916, stack(0x000000e19f900000,0x000000e19fa00000)]
  0x0000028dc909beb0 JavaThread "C1 CompilerThread0" daemon [_thread_blocked, id=9432, stack(0x000000e19fa00000,0x000000e19fb00000)]
  0x0000028dc909d5f0 JavaThread "Sweeper thread" daemon [_thread_blocked, id=19212, stack(0x000000e19fb00000,0x000000e19fc00000)]
  0x0000028dc4da5e20 JavaThread "Common-Cleaner" daemon [_thread_blocked, id=1216, stack(0x000000e19fc00000,0x000000e19fd00000)]
  0x0000028dc9333f40 JavaThread "Notification Thread" daemon [_thread_blocked, id=1636, stack(0x000000e19fd00000,0x000000e19fe00000)]
  0x0000028dcaaeed60 JavaThread "Daemon health stats" [_thread_blocked, id=4932, stack(0x000000e1a0600000,0x000000e1a0700000)]
  0x0000028dcb70d740 JavaThread "Incoming local TCP Connector on port 8369" [_thread_in_native, id=17820, stack(0x000000e1a0000000,0x000000e1a0100000)]
  0x0000028dcb97fce0 JavaThread "Daemon periodic checks" [_thread_blocked, id=4028, stack(0x000000e1a0700000,0x000000e1a0800000)]
  0x0000028dcbdc1b30 JavaThread "Daemon" [_thread_blocked, id=16852, stack(0x000000e1a0800000,0x000000e1a0900000)]
  0x0000028dcb8303d0 JavaThread "Daemon worker" [_thread_blocked, id=15832, stack(0x000000e1a0b00000,0x000000e1a0c00000)]
  0x0000028dcb8308e0 JavaThread "Cache worker for journal cache (C:\Users\usuario\.gradle\caches\journal-1)" [_thread_blocked, id=2168, stack(0x000000e1a1200000,0x000000e1a1300000)]
  0x0000028dcb831300 JavaThread "File lock request listener" [_thread_in_native, id=10664, stack(0x000000e1a1300000,0x000000e1a1400000)]
  0x0000028dcb831810 JavaThread "Cache worker for file hash cache (C:\Users\usuario\.gradle\caches\8.7\fileHashes)" [_thread_blocked, id=10956, stack(0x000000e1a1400000,0x000000e1a1500000)]
  0x0000028dcb82e570 JavaThread "File watcher server" daemon [_thread_in_native, id=944, stack(0x000000e1a1700000,0x000000e1a1800000)]
  0x0000028dcb82ea80 JavaThread "File watcher consumer" daemon [_thread_blocked, id=12112, stack(0x000000e1a1800000,0x000000e1a1900000)]
  0x0000028dce707f90 JavaThread "Cache worker for file content cache (C:\Users\usuario\.gradle\caches\8.7\fileContent)" [_thread_blocked, id=7132, stack(0x000000e1a1c00000,0x000000e1a1d00000)]
  0x0000028dce2802c0 JavaThread "Memory manager" [_thread_blocked, id=1052, stack(0x000000e1a2e00000,0x000000e1a2f00000)]
  0x0000028dce27e970 JavaThread "included builds" [_thread_blocked, id=10272, stack(0x000000e1a3000000,0x000000e1a3100000)]
  0x0000028dce27e460 JavaThread "VFS cleanup" [_thread_blocked, id=14952, stack(0x000000e1a0c00000,0x000000e1a0d00000)]
  0x0000028dce282630 JavaThread "Handler for socket connection from /127.0.0.1:8369 to /127.0.0.1:8374" [_thread_in_native, id=4924, stack(0x000000e19ff00000,0x000000e1a0000000)]
  0x0000028dce27ee80 JavaThread "Cancel handler" [_thread_blocked, id=18456, stack(0x000000e1a0900000,0x000000e1a0a00000)]
  0x0000028dce27c0f0 JavaThread "Asynchronous log dispatcher for DefaultDaemonConnection: socket connection from /127.0.0.1:8369 to /127.0.0.1:8374" [_thread_blocked, id=1748, stack(0x000000e1a0a00000,0x000000e1a0b00000)]
  0x0000028dce283560 JavaThread "Stdin handler" [_thread_blocked, id=10988, stack(0x000000e1a0d00000,0x000000e1a0e00000)]
  0x0000028dce2811f0 JavaThread "Daemon client event forwarder" [_thread_blocked, id=9792, stack(0x000000e1a0e00000,0x000000e1a0f00000)]
  0x0000028dce281c10 JavaThread "Cache worker for file hash cache (H:\PROYECTOS\MyHouse\.gradle\8.7\fileHashes)" [_thread_blocked, id=10008, stack(0x000000e1a1500000,0x000000e1a1600000)]
  0x0000028dce280ce0 JavaThread "Cache worker for checksums cache (H:\PROYECTOS\MyHouse\.gradle\8.7\checksums)" [_thread_blocked, id=15836, stack(0x000000e1a1600000,0x000000e1a1700000)]
  0x0000028dce282120 JavaThread "Cache worker for cache directory md-supplier (C:\Users\usuario\.gradle\caches\8.7\md-supplier)" [_thread_blocked, id=8760, stack(0x000000e1a1900000,0x000000e1a1a00000)]
  0x0000028dce282b40 JavaThread "Cache worker for cache directory md-rule (C:\Users\usuario\.gradle\caches\8.7\md-rule)" [_thread_blocked, id=9100, stack(0x000000e1a1a00000,0x000000e1a1b00000)]
  0x0000028dcfb057f0 JavaThread "Cache worker for Build Output Cleanup Cache (H:\PROYECTOS\MyHouse\.gradle\buildOutputCleanup)" [_thread_blocked, id=16956, stack(0x000000e1a1e00000,0x000000e1a1f00000)]
  0x0000028dcfb043b0 JavaThread "Unconstrained build operations" [_thread_blocked, id=19256, stack(0x000000e1a2000000,0x000000e1a2100000)]
  0x0000028dcfb048c0 JavaThread "Unconstrained build operations Thread 2" [_thread_blocked, id=15780, stack(0x000000e1a2100000,0x000000e1a2200000)]
  0x0000028dcfb04dd0 JavaThread "Unconstrained build operations Thread 3" [_thread_blocked, id=9968, stack(0x000000e1a2200000,0x000000e1a2300000)]
  0x0000028dcfb052e0 JavaThread "Unconstrained build operations Thread 4" [_thread_blocked, id=7840, stack(0x000000e1a2300000,0x000000e1a2400000)]
  0x0000028dcfb05d00 JavaThread "Unconstrained build operations Thread 5" [_thread_blocked, id=4784, stack(0x000000e1a2400000,0x000000e1a2500000)]
  0x0000028dce55c1d0 JavaThread "Unconstrained build operations Thread 6" [_thread_blocked, id=18496, stack(0x000000e1a2500000,0x000000e1a2600000)]
  0x0000028dce55e540 JavaThread "Unconstrained build operations Thread 7" [_thread_blocked, id=16928, stack(0x000000e1a2600000,0x000000e1a2700000)]
  0x0000028dce55ea50 JavaThread "build event listener" [_thread_blocked, id=17680, stack(0x000000e1a2700000,0x000000e1a2800000)]
  0x0000028dce55ef60 JavaThread "build event listener" [_thread_blocked, id=14256, stack(0x000000e1a2800000,0x000000e1a2900000)]
  0x0000028dcf66e730 JavaThread "C2 CompilerThread1" daemon [_thread_in_native, id=15976, stack(0x000000e1a1b00000,0x000000e1a1c00000)]
  0x0000028dcbd87010 JavaThread "included builds" [_thread_blocked, id=12124, stack(0x000000e1a1f00000,0x000000e1a2000000)]
  0x0000028dcbd86b00 JavaThread "Execution worker" [_thread_blocked, id=1760, stack(0x000000e1a2900000,0x000000e1a2a00000)]
  0x0000028dcbd87520 JavaThread "Execution worker Thread 2" [_thread_blocked, id=15648, stack(0x000000e1a2a00000,0x000000e1a2b00000)]
  0x0000028dcbd865f0 JavaThread "Execution worker Thread 3" [_thread_blocked, id=18836, stack(0x000000e1a2b00000,0x000000e1a2c00000)]
  0x0000028dcbd85bd0 JavaThread "Execution worker Thread 4" [_thread_in_native, id=18280, stack(0x000000e1a2c00000,0x000000e1a2d00000)]
  0x0000028dcbd860e0 JavaThread "Execution worker Thread 5" [_thread_blocked, id=12432, stack(0x000000e1a2d00000,0x000000e1a2e00000)]
  0x0000028dcfab67c0 JavaThread "Execution worker Thread 6" [_thread_blocked, id=10324, stack(0x000000e1a2f00000,0x000000e1a3000000)]
  0x0000028dcfab8b30 JavaThread "Execution worker Thread 7" [_thread_blocked, id=2432, stack(0x000000e1a3100000,0x000000e1a3200000)]
  0x0000028dce1da180 JavaThread "Cache worker for execution history cache (H:\PROYECTOS\MyHouse\.gradle\8.7\executionHistory)" [_thread_blocked, id=16060, stack(0x000000e1a3200000,0x000000e1a3300000)]
  0x0000028dce27cb10 JavaThread "Unconstrained build operations Thread 8" [_thread_blocked, id=10768, stack(0x000000e1a3400000,0x000000e1a3500000)]
  0x0000028dce27da40 JavaThread "Unconstrained build operations Thread 9" [_thread_blocked, id=5080, stack(0x000000e1a3500000,0x000000e1a3600000)]
  0x0000028dce283050 JavaThread "Unconstrained build operations Thread 10" [_thread_blocked, id=15244, stack(0x000000e1a3600000,0x000000e1a3700000)]
  0x0000028dce27c600 JavaThread "Unconstrained build operations Thread 11" [_thread_blocked, id=7068, stack(0x000000e1a3700000,0x000000e1a3800000)]
  0x0000028dce706b50 JavaThread "Unconstrained build operations Thread 12" [_thread_blocked, id=15500, stack(0x000000e1a3800000,0x000000e1a3900000)]
  0x0000028dce705c20 JavaThread "Unconstrained build operations Thread 13" [_thread_blocked, id=1892, stack(0x000000e1a3900000,0x000000e1a3a00000)]
  0x0000028dce707570 JavaThread "Unconstrained build operations Thread 14" [_thread_blocked, id=12368, stack(0x000000e1a3a00000,0x000000e1a3b00000)]
  0x0000028dd07b8aa0 JavaThread "WorkerExecutor Queue" [_thread_blocked, id=10816, stack(0x000000e1a3b00000,0x000000e1a3c00000)]
  0x0000028dcfab9040 JavaThread "Unconstrained build operations Thread 15" [_thread_blocked, id=19388, stack(0x000000e1a3c00000,0x000000e1a3d00000)]
  0x0000028dcfab8110 JavaThread "Unconstrained build operations Thread 16" [_thread_blocked, id=7040, stack(0x000000e1a3d00000,0x000000e1a3e00000)]
  0x0000028dcfab5da0 JavaThread "Unconstrained build operations Thread 17" [_thread_blocked, id=12808, stack(0x000000e1a3e00000,0x000000e1a3f00000)]
  0x0000028dcfab62b0 JavaThread "Unconstrained build operations Thread 18" [_thread_blocked, id=13300, stack(0x000000e1a3f00000,0x000000e1a4000000)]
  0x0000028dcfab8620 JavaThread "Unconstrained build operations Thread 19" [_thread_blocked, id=11436, stack(0x000000e1a4000000,0x000000e1a4100000)]
  0x0000028dcfab5890 JavaThread "Unconstrained build operations Thread 20" [_thread_blocked, id=8776, stack(0x000000e1a4100000,0x000000e1a4200000)]
  0x0000028dcfab7c00 JavaThread "Unconstrained build operations Thread 21" [_thread_blocked, id=17892, stack(0x000000e1a4200000,0x000000e1a4300000)]
=>0x0000028dcf670710 JavaThread "C2 CompilerThread2" daemon [_thread_in_native, id=11424, stack(0x000000e1a3300000,0x000000e1a3400000)]
  0x0000028dcbb5bf40 JavaThread "WorkerExecutor Queue Thread 2" [_thread_in_Java, id=18032, stack(0x000000e1a4700000,0x000000e1a4800000)]
  0x0000028dcbb5c450 JavaThread "WorkerExecutor Queue Thread 3" [_thread_blocked, id=12604, stack(0x000000e1a4800000,0x000000e1a4900000)]
  0x0000028dc931de80 JavaThread "WorkerExecutor Queue Thread 4" [_thread_blocked, id=5436, stack(0x000000e1a4900000,0x000000e1a4a00000)]
  0x0000028dc931e390 JavaThread "WorkerExecutor Queue Thread 5" [_thread_blocked, id=17116, stack(0x000000e1a4a00000,0x000000e1a4b00000)]
  0x0000028dce51d6c0 JavaThread "WorkerExecutor Queue Thread 6" [_thread_blocked, id=3200, stack(0x000000e1a4b00000,0x000000e1a4c00000)]
  0x0000028dce51bd70 JavaThread "WorkerExecutor Queue Thread 7" [_thread_blocked, id=18916, stack(0x000000e1a4c00000,0x000000e1a4d00000)]
  0x0000028dce51dbd0 JavaThread "WorkerExecutor Queue Thread 8" [_thread_blocked, id=1364, stack(0x000000e1a4d00000,0x000000e1a4e00000)]
  0x0000028dce0d58e0 JavaThread "Unconstrained build operations Thread 22" [_thread_blocked, id=12224, stack(0x000000e1a4e00000,0x000000e1a4f00000)]
  0x0000028dce51e0e0 JavaThread "Unconstrained build operations Thread 23" [_thread_blocked, id=11284, stack(0x000000e1a4f00000,0x000000e1a5000000)]
  0x0000028dce51e5f0 JavaThread "Unconstrained build operations Thread 24" [_thread_blocked, id=1744, stack(0x000000e1a5000000,0x000000e1a5100000)]
  0x0000028dce51c280 JavaThread "Unconstrained build operations Thread 25" [_thread_blocked, id=3164, stack(0x000000e1a5100000,0x000000e1a5200000)]
  0x0000028dce51eb00 JavaThread "Unconstrained build operations Thread 26" [_thread_blocked, id=7644, stack(0x000000e1a5200000,0x000000e1a5300000)]
  0x0000028dce51f010 JavaThread "Unconstrained build operations Thread 27" [_thread_blocked, id=10312, stack(0x000000e1a5300000,0x000000e1a5400000)]
  0x0000028dce51b860 JavaThread "Unconstrained build operations Thread 28" [_thread_blocked, id=19128, stack(0x000000e1a5400000,0x000000e1a5500000)]
  0x0000028dce51c790 JavaThread "Unconstrained build operations Thread 29" [_thread_blocked, id=1528, stack(0x000000e1a5500000,0x000000e1a5600000)]
  0x0000028dd5ddee80 JavaThread "Unconstrained build operations Thread 30" [_thread_blocked, id=4960, stack(0x000000e1a5600000,0x000000e1a5700000)]
  0x0000028dd5ddd020 JavaThread "Unconstrained build operations Thread 31" [_thread_blocked, id=16532, stack(0x000000e1a5700000,0x000000e1a5800000)]
  0x0000028dd5ddc600 JavaThread "Unconstrained build operations Thread 32" [_thread_blocked, id=12668, stack(0x000000e1a5800000,0x000000e1a5900000)]
  0x0000028dd5ddfdb0 JavaThread "Unconstrained build operations Thread 33" [_thread_blocked, id=18748, stack(0x000000e1a5900000,0x000000e1a5a00000)]
  0x0000028dd5dde970 JavaThread "Unconstrained build operations Thread 34" [_thread_blocked, id=5620, stack(0x000000e1a5a00000,0x000000e1a5b00000)]
  0x0000028dd5ddf390 JavaThread "Unconstrained build operations Thread 35" [_thread_blocked, id=14632, stack(0x000000e1a5b00000,0x000000e1a5c00000)]
  0x0000028dd5ddf8a0 JavaThread "Unconstrained build operations Thread 36" [_thread_blocked, id=10904, stack(0x000000e1a5c00000,0x000000e1a5d00000)]
  0x0000028dd5ddd530 JavaThread "WorkerExecutor Queue Thread 9" [_thread_blocked, id=10536, stack(0x000000e1a5d00000,0x000000e1a5e00000)]
  0x0000028dd5dddf50 JavaThread "Unconstrained build operations Thread 37" [_thread_blocked, id=10544, stack(0x000000e1a5e00000,0x000000e1a5f00000)]
  0x0000028dca2addc0 JavaThread "Unconstrained build operations Thread 38" [_thread_blocked, id=18928, stack(0x000000e1a5f00000,0x000000e1a6000000)]
  0x0000028dd5b42bf0 JavaThread "Unconstrained build operations Thread 39" [_thread_blocked, id=16808, stack(0x000000e1a6000000,0x000000e1a6100000)]
  0x0000028dce709df0 JavaThread "Unconstrained build operations Thread 40" [_thread_blocked, id=15880, stack(0x000000e1a6100000,0x000000e1a6200000)]
  0x0000028dce705200 JavaThread "Unconstrained build operations Thread 41" [_thread_blocked, id=2676, stack(0x000000e1a6200000,0x000000e1a6300000)]
  0x0000028dd5b45470 JavaThread "Unconstrained build operations Thread 42" [_thread_blocked, id=9504, stack(0x000000e1a6300000,0x000000e1a6400000)]
  0x0000028dd5b41cc0 JavaThread "Unconstrained build operations Thread 43" [_thread_blocked, id=10748, stack(0x000000e1a6400000,0x000000e1a6500000)]
  0x0000028dd5b43100 JavaThread "Unconstrained build operations Thread 44" [_thread_blocked, id=19324, stack(0x000000e1a6500000,0x000000e1a6600000)]
  0x0000028dd5b43610 JavaThread "Unconstrained build operations Thread 45" [_thread_blocked, id=3392, stack(0x000000e1a6600000,0x000000e1a6700000)]
  0x0000028dd5b43b20 JavaThread "Unconstrained build operations Thread 46" [_thread_blocked, id=10984, stack(0x000000e1a6700000,0x000000e1a6800000)]
  0x0000028dd5b426e0 JavaThread "Unconstrained build operations Thread 47" [_thread_blocked, id=12020, stack(0x000000e1a6800000,0x000000e1a6900000)]
  0x0000028dd5b44f60 JavaThread "Unconstrained build operations Thread 48" [_thread_blocked, id=1500, stack(0x000000e1a6900000,0x000000e1a6a00000)]
  0x0000028dd5b44030 JavaThread "Unconstrained build operations Thread 49" [_thread_blocked, id=9912, stack(0x000000e1a6a00000,0x000000e1a6b00000)]
  0x0000028dcb5f9d80 JavaThread "Unconstrained build operations Thread 50" [_thread_blocked, id=5004, stack(0x000000e1a6b00000,0x000000e1a6c00000)]
  0x0000028dce707a80 JavaThread "Unconstrained build operations Thread 51" [_thread_blocked, id=11616, stack(0x000000e1a6c00000,0x000000e1a6d00000)]
  0x0000028dce707060 JavaThread "Unconstrained build operations Thread 52" [_thread_blocked, id=5900, stack(0x000000e1a6d00000,0x000000e1a6e00000)]
  0x0000028dce7084a0 JavaThread "Unconstrained build operations Thread 53" [_thread_blocked, id=14460, stack(0x000000e1a6e00000,0x000000e1a6f00000)]
  0x0000028dce70a300 JavaThread "Unconstrained build operations Thread 54" [_thread_blocked, id=6592, stack(0x000000e1a6f00000,0x000000e1a7000000)]
  0x0000028dd07b7150 JavaThread "Unconstrained build operations Thread 55" [_thread_blocked, id=10376, stack(0x000000e1a7000000,0x000000e1a7100000)]
  0x0000028dd07b7b70 JavaThread "Unconstrained build operations Thread 56" [_thread_blocked, id=17720, stack(0x000000e1a7100000,0x000000e1a7200000)]
  0x0000028dd07b7660 JavaThread "Unconstrained build operations Thread 57" [_thread_blocked, id=12236, stack(0x000000e1a7200000,0x000000e1a7300000)]
  0x0000028dce1da690 JavaThread "Unconstrained build operations Thread 58" [_thread_blocked, id=8012, stack(0x000000e1a7300000,0x000000e1a7400000)]
  0x0000028dce1db0b0 JavaThread "Unconstrained build operations Thread 59" [_thread_in_native, id=18868, stack(0x000000e1a7400000,0x000000e1a7500000)]
  0x0000028dce1d9c70 JavaThread "Unconstrained build operations Thread 60" [_thread_blocked, id=1380, stack(0x000000e1a7500000,0x000000e1a7600000)]
  0x0000028dce1db5c0 JavaThread "Unconstrained build operations Thread 61" [_thread_in_native, id=18336, stack(0x000000e1a7600000,0x000000e1a7700000)]
  0x0000028dce1daba0 JavaThread "Unconstrained build operations Thread 62" [_thread_blocked, id=11388, stack(0x000000e1a7700000,0x000000e1a7800000)]
  0x0000028dd5a79300 JavaThread "Unconstrained build operations Thread 63" [_thread_blocked, id=18156, stack(0x000000e1a7800000,0x000000e1a7900000)]
  0x0000028dd5a79810 JavaThread "Unconstrained build operations Thread 64" [_thread_blocked, id=4720, stack(0x000000e1a7900000,0x000000e1a7a00000)]
  0x0000028dce51d1b0 JavaThread "Unconstrained build operations Thread 65" [_thread_blocked, id=13560, stack(0x000000e1a7a00000,0x000000e1a7b00000)]
  0x0000028dce51cca0 JavaThread "Unconstrained build operations Thread 66" [_thread_blocked, id=8468, stack(0x000000e1a7b00000,0x000000e1a7c00000)]
  0x0000028dce0d5df0 JavaThread "Unconstrained build operations Thread 67" [_thread_in_native, id=11648, stack(0x000000e1a7c00000,0x000000e1a7d00000)]
  0x0000028dd5822b60 JavaThread "Unconstrained build operations Thread 68" [_thread_blocked, id=2528, stack(0x000000e1a7d00000,0x000000e1a7e00000)]
  0x0000028dd5823070 JavaThread "Unconstrained build operations Thread 69" [_thread_blocked, id=15940, stack(0x000000e1a7e00000,0x000000e1a7f00000)]
  0x0000028dd58244b0 JavaThread "Unconstrained build operations Thread 70" [_thread_in_native, id=9292, stack(0x000000e1a7f00000,0x000000e1a8000000)]
  0x0000028dd5821c30 JavaThread "Unconstrained build operations Thread 71" [_thread_blocked, id=19124, stack(0x000000e1a8000000,0x000000e1a8100000)]
  0x0000028dce7089b0 JavaThread "Unconstrained build operations Thread 72" [_thread_blocked, id=15536, stack(0x000000e1a8100000,0x000000e1a8200000)]
  0x0000028dce70ad20 JavaThread "Unconstrained build operations Thread 73" [_thread_blocked, id=4940, stack(0x000000e1a8200000,0x000000e1a8300000)]
  0x0000028dce708ec0 JavaThread "Unconstrained build operations Thread 74" [_thread_blocked, id=15164, stack(0x000000e1a8300000,0x000000e1a8400000)]
  0x0000028dce7093d0 JavaThread "Unconstrained build operations Thread 75" [_thread_blocked, id=9392, stack(0x000000e1a8400000,0x000000e1a8500000)]
  0x0000028dce70b230 JavaThread "Unconstrained build operations Thread 76" [_thread_blocked, id=13416, stack(0x000000e1a8500000,0x000000e1a8600000)]
  0x0000028dce70a810 JavaThread "Unconstrained build operations Thread 77" [_thread_blocked, id=8548, stack(0x000000e1a8600000,0x000000e1a8700000)]
  0x0000028dce70b740 JavaThread "Unconstrained build operations Thread 78" [_thread_blocked, id=13104, stack(0x000000e1a8700000,0x000000e1a8800000)]
  0x0000028dce55e030 JavaThread "Unconstrained build operations Thread 79" [_thread_blocked, id=16152, stack(0x000000e1a8800000,0x000000e1a8900000)]
  0x0000028dce55d100 JavaThread "Unconstrained build operations Thread 80" [_thread_blocked, id=15992, stack(0x000000e1a8900000,0x000000e1a8a00000)]
  0x0000028dd5823580 JavaThread "pool-4-thread-1" [_thread_blocked, id=15464, stack(0x000000e1a8a00000,0x000000e1a8b00000)]
  0x0000028dcb5facb0 JavaThread "stderr" [_thread_in_native, id=8952, stack(0x000000e1a8b00000,0x000000e1a8c00000)]
  0x0000028dcb5fb6d0 JavaThread "stdout" [_thread_in_native, id=17084, stack(0x000000e1a8c00000,0x000000e1a8d00000)]
  0x0000028dd07b8080 JavaThread "stderr" [_thread_in_native, id=13556, stack(0x000000e1a8d00000,0x000000e1a8e00000)]
  0x0000028dd0019910 JavaThread "stdout" [_thread_in_native, id=17100, stack(0x000000e1a8e00000,0x000000e1a8f00000)]

Other Threads:
  0x0000028dc904d030 VMThread "VM Thread" [stack: 0x000000e19f200000,0x000000e19f300000] [id=17856]
  0x0000028daaf40e40 WatcherThread [stack: 0x000000e19fe00000,0x000000e19ff00000] [id=16040]
  0x0000028daaf9b1e0 GCTaskThread "GC Thread#0" [stack: 0x000000e19ed00000,0x000000e19ee00000] [id=17124]
  0x0000028dca368910 GCTaskThread "GC Thread#1" [stack: 0x000000e1a0100000,0x000000e1a0200000] [id=18152]
  0x0000028dca019000 GCTaskThread "GC Thread#2" [stack: 0x000000e1a0200000,0x000000e1a0300000] [id=9784]
  0x0000028dca6708a0 GCTaskThread "GC Thread#3" [stack: 0x000000e1a0300000,0x000000e1a0400000] [id=8052]
  0x0000028dca670b60 GCTaskThread "GC Thread#4" [stack: 0x000000e1a0400000,0x000000e1a0500000] [id=12908]
  0x0000028dc96fb290 GCTaskThread "GC Thread#5" [stack: 0x000000e1a0500000,0x000000e1a0600000] [id=7312]
  0x0000028dcac05d50 GCTaskThread "GC Thread#6" [stack: 0x000000e1a0f00000,0x000000e1a1000000] [id=8060]
  0x0000028dcb814c60 GCTaskThread "GC Thread#7" [stack: 0x000000e1a1000000,0x000000e1a1100000] [id=11456]
  0x0000028daafac130 ConcurrentGCThread "G1 Main Marker" [stack: 0x000000e19ee00000,0x000000e19ef00000] [id=15504]
  0x0000028daafacb50 ConcurrentGCThread "G1 Conc#0" [stack: 0x000000e19ef00000,0x000000e19f000000] [id=8376]
  0x0000028dcb8c4330 ConcurrentGCThread "G1 Conc#1" [stack: 0x000000e1a1100000,0x000000e1a1200000] [id=14132]
  0x0000028daafee890 ConcurrentGCThread "G1 Refine#0" [stack: 0x000000e19f000000,0x000000e19f100000] [id=10268]
  0x0000028dcafcc190 ConcurrentGCThread "G1 Refine#1" [stack: 0x000000e1a1d00000,0x000000e1a1e00000] [id=15224]
  0x0000028dc9995040 ConcurrentGCThread "G1 Refine#2" [stack: 0x000000e1a4300000,0x000000e1a4400000] [id=3464]
  0x0000028dc9995910 ConcurrentGCThread "G1 Refine#3" [stack: 0x000000e1a4400000,0x000000e1a4500000] [id=11220]
  0x0000028dc99961e0 ConcurrentGCThread "G1 Refine#4" [stack: 0x000000e1a4500000,0x000000e1a4600000] [id=7332]
  0x0000028dc9994a60 ConcurrentGCThread "G1 Refine#5" [stack: 0x000000e1a4600000,0x000000e1a4700000] [id=2720]
  0x0000028dc4c70d50 ConcurrentGCThread "G1 Service" [stack: 0x000000e19f100000,0x000000e19f200000] [id=16320]

Threads with active compile tasks:
C2 CompilerThread0    28313 18214       4       com.google.common.collect.ImmutableMultimap$Builder::put (50 bytes)
C2 CompilerThread1    28314 18167   !   4       org.gradle.api.internal.artifacts.transform.TransformingAsyncArtifactListener$TransformedArtifact::finalizeValue (168 bytes)
C2 CompilerThread2    28314 18125       4       org.gradle.internal.snapshot.impl.DirectorySnapshotter$PathVisitor::snapshotFile (213 bytes)

VM state: not at safepoint (normal execution)

VM Mutex/Monitor currently owned by a thread: None

Heap address: 0x0000000080000000, size: 2048 MB, Compressed Oops mode: 32-bit

CDS archive(s) not mapped
Compressed class space mapped at: 0x0000000100000000-0x0000000140000000, reserved size: 1073741824
Narrow klass base: 0x0000000000000000, Narrow klass shift: 3, Narrow klass range: 0x140000000

GC Precious Log:
 CPUs: 8 total, 8 available
 Memory: 16151M
 Large Page Support: Disabled
 NUMA Support: Disabled
 Compressed Oops: Enabled (32-bit)
 Heap Region Size: 1M
 Heap Min Capacity: 8M
 Heap Initial Capacity: 254M
 Heap Max Capacity: 2G
 Pre-touch: Disabled
 Parallel Workers: 8
 Concurrent Workers: 2
 Concurrent Refinement Workers: 8
 Periodic GC: Disabled

Heap:
 garbage-first heap   total 706560K, used 468611K [0x0000000080000000, 0x0000000100000000)
  region size 1024K, 172 young (176128K), 4 survivors (4096K)
 Metaspace       used 120532K, committed 121408K, reserved 1179648K
  class space    used 16254K, committed 16704K, reserved 1048576K

Heap Regions: E=young(eden), S=young(survivor), O=old, HS=humongous(starts), HC=humongous(continues), CS=collection set, F=free, OA=open archive, CA=closed archive, TAMS=top-at-mark-start (previous, next)
|   0|0x0000000080000000, 0x0000000080100000, 0x0000000080100000|100%|HS|  |TAMS 0x0000000080100000, 0x0000000080000000| Complete 
|   1|0x0000000080100000, 0x0000000080200000, 0x0000000080200000|100%|HC|  |TAMS 0x0000000080200000, 0x0000000080100000| Complete 
|   2|0x0000000080200000, 0x0000000080300000, 0x0000000080300000|100%|HC|  |TAMS 0x0000000080300000, 0x0000000080200000| Complete 
|   3|0x0000000080300000, 0x0000000080400000, 0x0000000080400000|100%|HC|  |TAMS 0x0000000080400000, 0x0000000080300000| Complete 
|   4|0x0000000080400000, 0x0000000080500000, 0x0000000080500000|100%| O|  |TAMS 0x0000000080500000, 0x0000000080400000| Untracked 
|   5|0x0000000080500000, 0x0000000080600000, 0x0000000080600000|100%| O|  |TAMS 0x0000000080600000, 0x0000000080500000| Untracked 
|   6|0x0000000080600000, 0x0000000080700000, 0x0000000080700000|100%| O|  |TAMS 0x0000000080700000, 0x0000000080600000| Untracked 
|   7|0x0000000080700000, 0x0000000080800000, 0x0000000080800000|100%| O|  |TAMS 0x0000000080800000, 0x0000000080700000| Untracked 
|   8|0x0000000080800000, 0x0000000080900000, 0x0000000080900000|100%| O|  |TAMS 0x0000000080900000, 0x0000000080800000| Untracked 
|   9|0x0000000080900000, 0x0000000080a00000, 0x0000000080a00000|100%| O|  |TAMS 0x0000000080a00000, 0x0000000080900000| Untracked 
|  10|0x0000000080a00000, 0x0000000080b00000, 0x0000000080b00000|100%|HS|  |TAMS 0x0000000080b00000, 0x0000000080a00000| Complete 
|  11|0x0000000080b00000, 0x0000000080c00000, 0x0000000080c00000|100%| O|  |TAMS 0x0000000080c00000, 0x0000000080b00000| Untracked 
|  12|0x0000000080c00000, 0x0000000080d00000, 0x0000000080d00000|100%| O|  |TAMS 0x0000000080d00000, 0x0000000080c00000| Untracked 
|  13|0x0000000080d00000, 0x0000000080e00000, 0x0000000080e00000|100%| O|  |TAMS 0x0000000080e00000, 0x0000000080d00000| Untracked 
|  14|0x0000000080e00000, 0x0000000080f00000, 0x0000000080f00000|100%| O|  |TAMS 0x0000000080f00000, 0x0000000080e00000| Untracked 
|  15|0x0000000080f00000, 0x0000000081000000, 0x0000000081000000|100%| O|  |TAMS 0x0000000081000000, 0x0000000080f00000| Untracked 
|  16|0x0000000081000000, 0x0000000081100000, 0x0000000081100000|100%| O|  |TAMS 0x0000000081100000, 0x0000000081000000| Untracked 
|  17|0x0000000081100000, 0x0000000081200000, 0x0000000081200000|100%| O|  |TAMS 0x0000000081200000, 0x0000000081100000| Untracked 
|  18|0x0000000081200000, 0x0000000081300000, 0x0000000081300000|100%| O|  |TAMS 0x0000000081300000, 0x0000000081200000| Untracked 
|  19|0x0000000081300000, 0x0000000081400000, 0x0000000081400000|100%| O|  |TAMS 0x0000000081400000, 0x0000000081300000| Untracked 
|  20|0x0000000081400000, 0x0000000081500000, 0x0000000081500000|100%| O|  |TAMS 0x0000000081500000, 0x0000000081400000| Untracked 
|  21|0x0000000081500000, 0x0000000081600000, 0x0000000081600000|100%| O|  |TAMS 0x0000000081600000, 0x0000000081500000| Untracked 
|  22|0x0000000081600000, 0x0000000081700000, 0x0000000081700000|100%| O|  |TAMS 0x0000000081700000, 0x0000000081600000| Untracked 
|  23|0x0000000081700000, 0x0000000081800000, 0x0000000081800000|100%| O|  |TAMS 0x0000000081800000, 0x0000000081700000| Untracked 
|  24|0x0000000081800000, 0x0000000081900000, 0x0000000081900000|100%| O|  |TAMS 0x0000000081900000, 0x0000000081800000| Untracked 
|  25|0x0000000081900000, 0x0000000081a00000, 0x0000000081a00000|100%| O|  |TAMS 0x0000000081a00000, 0x0000000081900000| Untracked 
|  26|0x0000000081a00000, 0x0000000081b00000, 0x0000000081b00000|100%| O|  |TAMS 0x0000000081b00000, 0x0000000081a00000| Untracked 
|  27|0x0000000081b00000, 0x0000000081c00000, 0x0000000081c00000|100%| O|  |TAMS 0x0000000081c00000, 0x0000000081b00000| Untracked 
|  28|0x0000000081c00000, 0x0000000081d00000, 0x0000000081d00000|100%| O|  |TAMS 0x0000000081d00000, 0x0000000081c00000| Untracked 
|  29|0x0000000081d00000, 0x0000000081e00000, 0x0000000081e00000|100%| O|  |TAMS 0x0000000081e00000, 0x0000000081d00000| Untracked 
|  30|0x0000000081e00000, 0x0000000081f00000, 0x0000000081f00000|100%| O|  |TAMS 0x0000000081f00000, 0x0000000081e00000| Untracked 
|  31|0x0000000081f00000, 0x0000000082000000, 0x0000000082000000|100%| O|  |TAMS 0x0000000082000000, 0x0000000081f00000| Untracked 
|  32|0x0000000082000000, 0x0000000082100000, 0x0000000082100000|100%| O|  |TAMS 0x0000000082100000, 0x0000000082000000| Untracked 
|  33|0x0000000082100000, 0x0000000082200000, 0x0000000082200000|100%| O|  |TAMS 0x0000000082200000, 0x0000000082100000| Untracked 
|  34|0x0000000082200000, 0x0000000082300000, 0x0000000082300000|100%| O|  |TAMS 0x0000000082300000, 0x0000000082200000| Untracked 
|  35|0x0000000082300000, 0x0000000082400000, 0x0000000082400000|100%| O|  |TAMS 0x0000000082400000, 0x0000000082300000| Untracked 
|  36|0x0000000082400000, 0x0000000082500000, 0x0000000082500000|100%|HS|  |TAMS 0x0000000082500000, 0x0000000082400000| Complete 
|  37|0x0000000082500000, 0x0000000082600000, 0x0000000082600000|100%| O|  |TAMS 0x0000000082600000, 0x0000000082500000| Untracked 
|  38|0x0000000082600000, 0x0000000082700000, 0x0000000082700000|100%| O|  |TAMS 0x0000000082700000, 0x0000000082600000| Untracked 
|  39|0x0000000082700000, 0x0000000082800000, 0x0000000082800000|100%| O|  |TAMS 0x0000000082800000, 0x0000000082700000| Untracked 
|  40|0x0000000082800000, 0x0000000082900000, 0x0000000082900000|100%|HS|  |TAMS 0x0000000082900000, 0x0000000082800000| Complete 
|  41|0x0000000082900000, 0x0000000082a00000, 0x0000000082a00000|100%|HS|  |TAMS 0x0000000082a00000, 0x0000000082900000| Complete 
|  42|0x0000000082a00000, 0x0000000082b00000, 0x0000000082b00000|100%|HS|  |TAMS 0x0000000082b00000, 0x0000000082a00000| Complete 
|  43|0x0000000082b00000, 0x0000000082c00000, 0x0000000082c00000|100%|HC|  |TAMS 0x0000000082c00000, 0x0000000082b00000| Complete 
|  44|0x0000000082c00000, 0x0000000082d00000, 0x0000000082d00000|100%|HS|  |TAMS 0x0000000082d00000, 0x0000000082c00000| Complete 
|  45|0x0000000082d00000, 0x0000000082e00000, 0x0000000082e00000|100%|HC|  |TAMS 0x0000000082e00000, 0x0000000082d00000| Complete 
|  46|0x0000000082e00000, 0x0000000082f00000, 0x0000000082f00000|100%|HS|  |TAMS 0x0000000082f00000, 0x0000000082e00000| Complete 
|  47|0x0000000082f00000, 0x0000000083000000, 0x0000000083000000|100%|HS|  |TAMS 0x0000000083000000, 0x0000000082f00000| Complete 
|  48|0x0000000083000000, 0x0000000083100000, 0x0000000083100000|100%|HC|  |TAMS 0x0000000083100000, 0x0000000083000000| Complete 
|  49|0x0000000083100000, 0x0000000083200000, 0x0000000083200000|100%|HC|  |TAMS 0x0000000083200000, 0x0000000083100000| Complete 
|  50|0x0000000083200000, 0x0000000083300000, 0x0000000083300000|100%|HC|  |TAMS 0x0000000083300000, 0x0000000083200000| Complete 
|  51|0x0000000083300000, 0x0000000083400000, 0x0000000083400000|100%|HS|  |TAMS 0x0000000083400000, 0x0000000083300000| Complete 
|  52|0x0000000083400000, 0x0000000083500000, 0x0000000083500000|100%| O|  |TAMS 0x0000000083500000, 0x0000000083400000| Untracked 
|  53|0x0000000083500000, 0x0000000083600000, 0x0000000083600000|100%|HS|  |TAMS 0x0000000083600000, 0x0000000083500000| Complete 
|  54|0x0000000083600000, 0x0000000083700000, 0x0000000083700000|100%| O|  |TAMS 0x0000000083700000, 0x0000000083600000| Untracked 
|  55|0x0000000083700000, 0x0000000083800000, 0x0000000083800000|100%| O|  |TAMS 0x0000000083800000, 0x0000000083700000| Untracked 
|  56|0x0000000083800000, 0x0000000083900000, 0x0000000083900000|100%| O|  |TAMS 0x0000000083900000, 0x0000000083800000| Untracked 
|  57|0x0000000083900000, 0x0000000083a00000, 0x0000000083a00000|100%| O|  |TAMS 0x0000000083a00000, 0x0000000083900000| Untracked 
|  58|0x0000000083a00000, 0x0000000083b00000, 0x0000000083b00000|100%| O|  |TAMS 0x0000000083b00000, 0x0000000083a00000| Untracked 
|  59|0x0000000083b00000, 0x0000000083c00000, 0x0000000083c00000|100%| O|  |TAMS 0x0000000083c00000, 0x0000000083b00000| Untracked 
|  60|0x0000000083c00000, 0x0000000083d00000, 0x0000000083d00000|100%| O|  |TAMS 0x0000000083d00000, 0x0000000083c00000| Untracked 
|  61|0x0000000083d00000, 0x0000000083e00000, 0x0000000083e00000|100%| O|  |TAMS 0x0000000083e00000, 0x0000000083d00000| Untracked 
|  62|0x0000000083e00000, 0x0000000083f00000, 0x0000000083f00000|100%| O|  |TAMS 0x0000000083f00000, 0x0000000083e00000| Untracked 
|  63|0x0000000083f00000, 0x0000000084000000, 0x0000000084000000|100%| O|  |TAMS 0x0000000084000000, 0x0000000083f00000| Untracked 
|  64|0x0000000084000000, 0x0000000084100000, 0x0000000084100000|100%| O|  |TAMS 0x0000000084100000, 0x0000000084000000| Untracked 
|  65|0x0000000084100000, 0x0000000084200000, 0x0000000084200000|100%|HS|  |TAMS 0x0000000084200000, 0x0000000084100000| Complete 
|  66|0x0000000084200000, 0x0000000084300000, 0x0000000084300000|100%| O|  |TAMS 0x0000000084300000, 0x0000000084200000| Untracked 
|  67|0x0000000084300000, 0x0000000084400000, 0x0000000084400000|100%| O|  |TAMS 0x0000000084400000, 0x0000000084300000| Untracked 
|  68|0x0000000084400000, 0x0000000084500000, 0x0000000084500000|100%|HS|  |TAMS 0x0000000084500000, 0x0000000084400000| Complete 
|  69|0x0000000084500000, 0x0000000084600000, 0x0000000084600000|100%|HC|  |TAMS 0x0000000084600000, 0x0000000084500000| Complete 
|  70|0x0000000084600000, 0x0000000084700000, 0x0000000084700000|100%|HC|  |TAMS 0x0000000084700000, 0x0000000084600000| Complete 
|  71|0x0000000084700000, 0x0000000084800000, 0x0000000084800000|100%|HC|  |TAMS 0x0000000084800000, 0x0000000084700000| Complete 
|  72|0x0000000084800000, 0x0000000084900000, 0x0000000084900000|100%| O|  |TAMS 0x0000000084900000, 0x0000000084800000| Untracked 
|  73|0x0000000084900000, 0x0000000084a00000, 0x0000000084a00000|100%| O|  |TAMS 0x0000000084a00000, 0x0000000084900000| Untracked 
|  74|0x0000000084a00000, 0x0000000084b00000, 0x0000000084b00000|100%| O|  |TAMS 0x0000000084b00000, 0x0000000084a00000| Untracked 
|  75|0x0000000084b00000, 0x0000000084c00000, 0x0000000084c00000|100%| O|  |TAMS 0x0000000084c00000, 0x0000000084b00000| Untracked 
|  76|0x0000000084c00000, 0x0000000084d00000, 0x0000000084d00000|100%| O|  |TAMS 0x0000000084d00000, 0x0000000084c00000| Untracked 
|  77|0x0000000084d00000, 0x0000000084e00000, 0x0000000084e00000|100%| O|  |TAMS 0x0000000084e00000, 0x0000000084d00000| Untracked 
|  78|0x0000000084e00000, 0x0000000084f00000, 0x0000000084f00000|100%| O|  |TAMS 0x0000000084f00000, 0x0000000084e00000| Complete 
|  79|0x0000000084f00000, 0x0000000085000000, 0x0000000085000000|100%|HS|  |TAMS 0x0000000085000000, 0x0000000084f00000| Complete 
|  80|0x0000000085000000, 0x0000000085100000, 0x0000000085100000|100%|HC|  |TAMS 0x0000000085100000, 0x0000000085000000| Complete 
|  81|0x0000000085100000, 0x0000000085200000, 0x0000000085200000|100%| O|  |TAMS 0x0000000085200000, 0x0000000085100000| Untracked 
|  82|0x0000000085200000, 0x0000000085300000, 0x0000000085300000|100%| O|  |TAMS 0x0000000085300000, 0x0000000085200000| Untracked 
|  83|0x0000000085300000, 0x0000000085400000, 0x0000000085400000|100%| O|  |TAMS 0x0000000085400000, 0x0000000085300000| Untracked 
|  84|0x0000000085400000, 0x0000000085500000, 0x0000000085500000|100%| O|  |TAMS 0x0000000085500000, 0x0000000085400000| Untracked 
|  85|0x0000000085500000, 0x0000000085600000, 0x0000000085600000|100%| O|  |TAMS 0x0000000085600000, 0x0000000085500000| Untracked 
|  86|0x0000000085600000, 0x0000000085700000, 0x0000000085700000|100%| O|  |TAMS 0x0000000085700000, 0x0000000085600000| Untracked 
|  87|0x0000000085700000, 0x0000000085800000, 0x0000000085800000|100%| O|  |TAMS 0x0000000085800000, 0x0000000085700000| Untracked 
|  88|0x0000000085800000, 0x0000000085900000, 0x0000000085900000|100%| O|  |TAMS 0x0000000085900000, 0x0000000085800000| Untracked 
|  89|0x0000000085900000, 0x0000000085a00000, 0x0000000085a00000|100%| O|  |TAMS 0x0000000085a00000, 0x0000000085900000| Untracked 
|  90|0x0000000085a00000, 0x0000000085b00000, 0x0000000085b00000|100%| O|  |TAMS 0x0000000085b00000, 0x0000000085a00000| Untracked 
|  91|0x0000000085b00000, 0x0000000085c00000, 0x0000000085c00000|100%| O|  |TAMS 0x0000000085c00000, 0x0000000085b00000| Untracked 
|  92|0x0000000085c00000, 0x0000000085d00000, 0x0000000085d00000|100%| O|  |TAMS 0x0000000085d00000, 0x0000000085c00000| Untracked 
|  93|0x0000000085d00000, 0x0000000085e00000, 0x0000000085e00000|100%| O|  |TAMS 0x0000000085e00000, 0x0000000085d00000| Untracked 
|  94|0x0000000085e00000, 0x0000000085f00000, 0x0000000085f00000|100%| O|  |TAMS 0x0000000085f00000, 0x0000000085e00000| Untracked 
|  95|0x0000000085f00000, 0x0000000086000000, 0x0000000086000000|100%| O|  |TAMS 0x0000000086000000, 0x0000000085f00000| Complete 
|  96|0x0000000086000000, 0x0000000086100000, 0x0000000086100000|100%| O|  |TAMS 0x0000000086100000, 0x0000000086000000| Untracked 
|  97|0x0000000086100000, 0x0000000086200000, 0x0000000086200000|100%| O|  |TAMS 0x0000000086200000, 0x0000000086100000| Complete 
|  98|0x0000000086200000, 0x0000000086300000, 0x0000000086300000|100%| O|  |TAMS 0x0000000086300000, 0x0000000086200000| Untracked 
|  99|0x0000000086300000, 0x0000000086400000, 0x0000000086400000|100%|HS|  |TAMS 0x0000000086400000, 0x0000000086300000| Complete 
| 100|0x0000000086400000, 0x0000000086500000, 0x0000000086500000|100%|HS|  |TAMS 0x0000000086500000, 0x0000000086400000| Complete 
| 101|0x0000000086500000, 0x0000000086600000, 0x0000000086600000|100%| O|  |TAMS 0x0000000086600000, 0x0000000086500000| Untracked 
| 102|0x0000000086600000, 0x0000000086700000, 0x0000000086700000|100%| O|  |TAMS 0x0000000086700000, 0x0000000086600000| Untracked 
| 103|0x0000000086700000, 0x0000000086800000, 0x0000000086800000|100%| O|  |TAMS 0x0000000086800000, 0x0000000086700000| Untracked 
| 104|0x0000000086800000, 0x0000000086900000, 0x0000000086900000|100%| O|  |TAMS 0x0000000086900000, 0x0000000086800000| Untracked 
| 105|0x0000000086900000, 0x0000000086a00000, 0x0000000086a00000|100%| O|  |TAMS 0x0000000086a00000, 0x0000000086900000| Untracked 
| 106|0x0000000086a00000, 0x0000000086b00000, 0x0000000086b00000|100%| O|  |TAMS 0x0000000086b00000, 0x0000000086a00000| Untracked 
| 107|0x0000000086b00000, 0x0000000086c00000, 0x0000000086c00000|100%| O|  |TAMS 0x0000000086c00000, 0x0000000086b00000| Untracked 
| 108|0x0000000086c00000, 0x0000000086d00000, 0x0000000086d00000|100%| O|  |TAMS 0x0000000086d00000, 0x0000000086c00000| Untracked 
| 109|0x0000000086d00000, 0x0000000086e00000, 0x0000000086e00000|100%|HS|  |TAMS 0x0000000086e00000, 0x0000000086d00000| Complete 
| 110|0x0000000086e00000, 0x0000000086f00000, 0x0000000086f00000|100%|HC|  |TAMS 0x0000000086f00000, 0x0000000086e00000| Complete 
| 111|0x0000000086f00000, 0x0000000087000000, 0x0000000087000000|100%| O|  |TAMS 0x0000000087000000, 0x0000000086f00000| Untracked 
| 112|0x0000000087000000, 0x0000000087100000, 0x0000000087100000|100%| O|  |TAMS 0x0000000087100000, 0x0000000087000000| Untracked 
| 113|0x0000000087100000, 0x0000000087200000, 0x0000000087200000|100%| O|  |TAMS 0x0000000087200000, 0x0000000087100000| Untracked 
| 114|0x0000000087200000, 0x0000000087300000, 0x0000000087300000|100%| O|  |TAMS 0x0000000087300000, 0x0000000087200000| Untracked 
| 115|0x0000000087300000, 0x0000000087400000, 0x0000000087400000|100%| O|  |TAMS 0x0000000087400000, 0x0000000087300000| Untracked 
| 116|0x0000000087400000, 0x0000000087500000, 0x0000000087500000|100%|HS|  |TAMS 0x0000000087500000, 0x0000000087400000| Complete 
| 117|0x0000000087500000, 0x0000000087600000, 0x0000000087600000|100%| O|  |TAMS 0x0000000087600000, 0x0000000087500000| Complete 
| 118|0x0000000087600000, 0x0000000087700000, 0x0000000087700000|100%| O|  |TAMS 0x0000000087700000, 0x0000000087600000| Untracked 
| 119|0x0000000087700000, 0x0000000087800000, 0x0000000087800000|100%| O|  |TAMS 0x0000000087800000, 0x0000000087700000| Untracked 
| 120|0x0000000087800000, 0x0000000087900000, 0x0000000087900000|100%| O|  |TAMS 0x0000000087900000, 0x0000000087800000| Untracked 
| 121|0x0000000087900000, 0x0000000087a00000, 0x0000000087a00000|100%| O|  |TAMS 0x0000000087a00000, 0x0000000087900000| Untracked 
| 122|0x0000000087a00000, 0x0000000087b00000, 0x0000000087b00000|100%|HS|  |TAMS 0x0000000087b00000, 0x0000000087a00000| Complete 
| 123|0x0000000087b00000, 0x0000000087c00000, 0x0000000087c00000|100%|HC|  |TAMS 0x0000000087c00000, 0x0000000087b00000| Complete 
| 124|0x0000000087c00000, 0x0000000087d00000, 0x0000000087d00000|100%|HC|  |TAMS 0x0000000087d00000, 0x0000000087c00000| Complete 
| 125|0x0000000087d00000, 0x0000000087e00000, 0x0000000087e00000|100%|HC|  |TAMS 0x0000000087e00000, 0x0000000087d00000| Complete 
| 126|0x0000000087e00000, 0x0000000087f00000, 0x0000000087f00000|100%|HS|  |TAMS 0x0000000087f00000, 0x0000000087e00000| Complete 
| 127|0x0000000087f00000, 0x0000000088000000, 0x0000000088000000|100%|HC|  |TAMS 0x0000000088000000, 0x0000000087f00000| Complete 
| 128|0x0000000088000000, 0x0000000088100000, 0x0000000088100000|100%|HC|  |TAMS 0x0000000088100000, 0x0000000088000000| Complete 
| 129|0x0000000088100000, 0x0000000088200000, 0x0000000088200000|100%|HC|  |TAMS 0x0000000088200000, 0x0000000088100000| Complete 
| 130|0x0000000088200000, 0x0000000088300000, 0x0000000088300000|100%|HC|  |TAMS 0x0000000088300000, 0x0000000088200000| Complete 
| 131|0x0000000088300000, 0x0000000088400000, 0x0000000088400000|100%|HC|  |TAMS 0x0000000088400000, 0x0000000088300000| Complete 
| 132|0x0000000088400000, 0x0000000088500000, 0x0000000088500000|100%|HC|  |TAMS 0x0000000088500000, 0x0000000088400000| Complete 
| 133|0x0000000088500000, 0x0000000088600000, 0x0000000088600000|100%|HC|  |TAMS 0x0000000088600000, 0x0000000088500000| Complete 
| 134|0x0000000088600000, 0x0000000088700000, 0x0000000088700000|100%|HC|  |TAMS 0x0000000088700000, 0x0000000088600000| Complete 
| 135|0x0000000088700000, 0x0000000088800000, 0x0000000088800000|100%|HC|  |TAMS 0x0000000088800000, 0x0000000088700000| Complete 
| 136|0x0000000088800000, 0x0000000088900000, 0x0000000088900000|100%|HC|  |TAMS 0x0000000088900000, 0x0000000088800000| Complete 
| 137|0x0000000088900000, 0x0000000088a00000, 0x0000000088a00000|100%|HC|  |TAMS 0x0000000088a00000, 0x0000000088900000| Complete 
| 138|0x0000000088a00000, 0x0000000088b00000, 0x0000000088b00000|100%|HC|  |TAMS 0x0000000088b00000, 0x0000000088a00000| Complete 
| 139|0x0000000088b00000, 0x0000000088c00000, 0x0000000088c00000|100%|HC|  |TAMS 0x0000000088c00000, 0x0000000088b00000| Complete 
| 140|0x0000000088c00000, 0x0000000088d00000, 0x0000000088d00000|100%|HC|  |TAMS 0x0000000088d00000, 0x0000000088c00000| Complete 
| 141|0x0000000088d00000, 0x0000000088e00000, 0x0000000088e00000|100%|HC|  |TAMS 0x0000000088e00000, 0x0000000088d00000| Complete 
| 142|0x0000000088e00000, 0x0000000088f00000, 0x0000000088f00000|100%|HC|  |TAMS 0x0000000088f00000, 0x0000000088e00000| Complete 
| 143|0x0000000088f00000, 0x0000000089000000, 0x0000000089000000|100%|HC|  |TAMS 0x0000000089000000, 0x0000000088f00000| Complete 
| 144|0x0000000089000000, 0x0000000089100000, 0x0000000089100000|100%|HC|  |TAMS 0x0000000089100000, 0x0000000089000000| Complete 
| 145|0x0000000089100000, 0x0000000089200000, 0x0000000089200000|100%|HC|  |TAMS 0x0000000089200000, 0x0000000089100000| Complete 
| 146|0x0000000089200000, 0x0000000089300000, 0x0000000089300000|100%|HC|  |TAMS 0x0000000089300000, 0x0000000089200000| Complete 
| 147|0x0000000089300000, 0x0000000089400000, 0x0000000089400000|100%|HC|  |TAMS 0x0000000089400000, 0x0000000089300000| Complete 
| 148|0x0000000089400000, 0x0000000089500000, 0x0000000089500000|100%|HC|  |TAMS 0x0000000089500000, 0x0000000089400000| Complete 
| 149|0x0000000089500000, 0x0000000089600000, 0x0000000089600000|100%|HC|  |TAMS 0x0000000089600000, 0x0000000089500000| Complete 
| 150|0x0000000089600000, 0x0000000089700000, 0x0000000089700000|100%|HC|  |TAMS 0x0000000089700000, 0x0000000089600000| Complete 
| 151|0x0000000089700000, 0x0000000089800000, 0x0000000089800000|100%|HC|  |TAMS 0x0000000089800000, 0x0000000089700000| Complete 
| 152|0x0000000089800000, 0x0000000089900000, 0x0000000089900000|100%|HC|  |TAMS 0x0000000089900000, 0x0000000089800000| Complete 
| 153|0x0000000089900000, 0x0000000089a00000, 0x0000000089a00000|100%|HC|  |TAMS 0x0000000089a00000, 0x0000000089900000| Complete 
| 154|0x0000000089a00000, 0x0000000089b00000, 0x0000000089b00000|100%|HC|  |TAMS 0x0000000089b00000, 0x0000000089a00000| Complete 
| 155|0x0000000089b00000, 0x0000000089c00000, 0x0000000089c00000|100%|HC|  |TAMS 0x0000000089c00000, 0x0000000089b00000| Complete 
| 156|0x0000000089c00000, 0x0000000089d00000, 0x0000000089d00000|100%|HS|  |TAMS 0x0000000089d00000, 0x0000000089c00000| Complete 
| 157|0x0000000089d00000, 0x0000000089e00000, 0x0000000089e00000|100%|HC|  |TAMS 0x0000000089e00000, 0x0000000089d00000| Complete 
| 158|0x0000000089e00000, 0x0000000089f00000, 0x0000000089f00000|100%|HC|  |TAMS 0x0000000089f00000, 0x0000000089e00000| Complete 
| 159|0x0000000089f00000, 0x000000008a000000, 0x000000008a000000|100%|HS|  |TAMS 0x000000008a000000, 0x0000000089f00000| Complete 
| 160|0x000000008a000000, 0x000000008a100000, 0x000000008a100000|100%|HC|  |TAMS 0x000000008a100000, 0x000000008a000000| Complete 
| 161|0x000000008a100000, 0x000000008a200000, 0x000000008a200000|100%|HS|  |TAMS 0x000000008a200000, 0x000000008a100000| Complete 
| 162|0x000000008a200000, 0x000000008a300000, 0x000000008a300000|100%|HC|  |TAMS 0x000000008a300000, 0x000000008a200000| Complete 
| 163|0x000000008a300000, 0x000000008a400000, 0x000000008a400000|100%|HC|  |TAMS 0x000000008a400000, 0x000000008a300000| Complete 
| 164|0x000000008a400000, 0x000000008a500000, 0x000000008a500000|100%|HS|  |TAMS 0x000000008a500000, 0x000000008a400000| Complete 
| 165|0x000000008a500000, 0x000000008a600000, 0x000000008a600000|100%|HC|  |TAMS 0x000000008a600000, 0x000000008a500000| Complete 
| 166|0x000000008a600000, 0x000000008a700000, 0x000000008a700000|100%| O|  |TAMS 0x000000008a700000, 0x000000008a600000| Untracked 
| 167|0x000000008a700000, 0x000000008a800000, 0x000000008a800000|100%|HS|  |TAMS 0x000000008a800000, 0x000000008a700000| Complete 
| 168|0x000000008a800000, 0x000000008a900000, 0x000000008a900000|100%|HC|  |TAMS 0x000000008a900000, 0x000000008a800000| Complete 
| 169|0x000000008a900000, 0x000000008aa00000, 0x000000008aa00000|100%|HS|  |TAMS 0x000000008aa00000, 0x000000008a900000| Complete 
| 170|0x000000008aa00000, 0x000000008ab00000, 0x000000008ab00000|100%|HC|  |TAMS 0x000000008ab00000, 0x000000008aa00000| Complete 
| 171|0x000000008ab00000, 0x000000008ac00000, 0x000000008ac00000|100%| O|  |TAMS 0x000000008ac00000, 0x000000008ab00000| Complete 
| 172|0x000000008ac00000, 0x000000008ad00000, 0x000000008ad00000|100%| O|  |TAMS 0x000000008ad00000, 0x000000008ac00000| Complete 
| 173|0x000000008ad00000, 0x000000008ae00000, 0x000000008ae00000|100%| O|  |TAMS 0x000000008ae00000, 0x000000008ad00000| Untracked 
| 174|0x000000008ae00000, 0x000000008ae2d400, 0x000000008af00000| 17%| O|  |TAMS 0x000000008ae2d400, 0x000000008ae00000| Untracked 
| 175|0x000000008af00000, 0x000000008b000000, 0x000000008b000000|100%|HS|  |TAMS 0x000000008af00000, 0x000000008af00000| Complete 
| 176|0x000000008b000000, 0x000000008b100000, 0x000000008b100000|100%|HS|  |TAMS 0x000000008b000000, 0x000000008b000000| Complete 
| 177|0x000000008b100000, 0x000000008b200000, 0x000000008b200000|100%|HC|  |TAMS 0x000000008b100000, 0x000000008b100000| Complete 
| 178|0x000000008b200000, 0x000000008b300000, 0x000000008b300000|100%|HS|  |TAMS 0x000000008b200000, 0x000000008b200000| Complete 
| 179|0x000000008b300000, 0x000000008b400000, 0x000000008b400000|100%|HS|  |TAMS 0x000000008b400000, 0x000000008b300000| Complete 
| 180|0x000000008b400000, 0x000000008b500000, 0x000000008b500000|100%|HC|  |TAMS 0x000000008b500000, 0x000000008b400000| Complete 
| 181|0x000000008b500000, 0x000000008b600000, 0x000000008b600000|100%|HC|  |TAMS 0x000000008b600000, 0x000000008b500000| Complete 
| 182|0x000000008b600000, 0x000000008b700000, 0x000000008b700000|100%|HC|  |TAMS 0x000000008b700000, 0x000000008b600000| Complete 
| 183|0x000000008b700000, 0x000000008b800000, 0x000000008b800000|100%|HS|  |TAMS 0x000000008b700000, 0x000000008b700000| Complete 
| 184|0x000000008b800000, 0x000000008b900000, 0x000000008b900000|100%|HC|  |TAMS 0x000000008b800000, 0x000000008b800000| Complete 
| 185|0x000000008b900000, 0x000000008ba00000, 0x000000008ba00000|100%|HC|  |TAMS 0x000000008b900000, 0x000000008b900000| Complete 
| 186|0x000000008ba00000, 0x000000008bb00000, 0x000000008bb00000|100%|HS|  |TAMS 0x000000008bb00000, 0x000000008ba00000| Complete 
| 187|0x000000008bb00000, 0x000000008bc00000, 0x000000008bc00000|100%|HC|  |TAMS 0x000000008bc00000, 0x000000008bb00000| Complete 
| 188|0x000000008bc00000, 0x000000008bd00000, 0x000000008bd00000|100%|HS|  |TAMS 0x000000008bd00000, 0x000000008bc00000| Complete 
| 189|0x000000008bd00000, 0x000000008be00000, 0x000000008be00000|100%|HC|  |TAMS 0x000000008be00000, 0x000000008bd00000| Complete 
| 190|0x000000008be00000, 0x000000008bf00000, 0x000000008bf00000|100%|HC|  |TAMS 0x000000008bf00000, 0x000000008be00000| Complete 
| 191|0x000000008bf00000, 0x000000008c000000, 0x000000008c000000|100%|HS|  |TAMS 0x000000008bf00000, 0x000000008bf00000| Complete 
| 192|0x000000008c000000, 0x000000008c100000, 0x000000008c100000|100%|HS|  |TAMS 0x000000008c100000, 0x000000008c000000| Complete 
| 193|0x000000008c100000, 0x000000008c200000, 0x000000008c200000|100%|HS|  |TAMS 0x000000008c100000, 0x000000008c100000| Complete 
| 194|0x000000008c200000, 0x000000008c300000, 0x000000008c300000|100%| O|  |TAMS 0x000000008c300000, 0x000000008c200000| Untracked 
| 195|0x000000008c300000, 0x000000008c400000, 0x000000008c400000|100%| O|  |TAMS 0x000000008c400000, 0x000000008c300000| Untracked 
| 196|0x000000008c400000, 0x000000008c500000, 0x000000008c500000|100%| O|  |TAMS 0x000000008c500000, 0x000000008c400000| Untracked 
| 197|0x000000008c500000, 0x000000008c600000, 0x000000008c600000|100%| O|  |TAMS 0x000000008c600000, 0x000000008c500000| Untracked 
| 198|0x000000008c600000, 0x000000008c700000, 0x000000008c700000|100%| O|  |TAMS 0x000000008c700000, 0x000000008c600000| Untracked 
| 199|0x000000008c700000, 0x000000008c800000, 0x000000008c800000|100%| O|  |TAMS 0x000000008c800000, 0x000000008c700000| Untracked 
| 200|0x000000008c800000, 0x000000008c900000, 0x000000008c900000|100%| O|  |TAMS 0x000000008c900000, 0x000000008c800000| Untracked 
| 201|0x000000008c900000, 0x000000008ca00000, 0x000000008ca00000|100%| O|  |TAMS 0x000000008ca00000, 0x000000008c900000| Untracked 
| 202|0x000000008ca00000, 0x000000008cb00000, 0x000000008cb00000|100%| O|  |TAMS 0x000000008cb00000, 0x000000008ca00000| Untracked 
| 203|0x000000008cb00000, 0x000000008cc00000, 0x000000008cc00000|100%| O|  |TAMS 0x000000008cc00000, 0x000000008cb00000| Untracked 
| 204|0x000000008cc00000, 0x000000008cd00000, 0x000000008cd00000|100%| O|  |TAMS 0x000000008cd00000, 0x000000008cc00000| Untracked 
| 205|0x000000008cd00000, 0x000000008ce00000, 0x000000008ce00000|100%|HS|  |TAMS 0x000000008cd00000, 0x000000008cd00000| Complete 
| 206|0x000000008ce00000, 0x000000008cf00000, 0x000000008cf00000|100%|HC|  |TAMS 0x000000008ce00000, 0x000000008ce00000| Complete 
| 207|0x000000008cf00000, 0x000000008d000000, 0x000000008d000000|100%|HC|  |TAMS 0x000000008cf00000, 0x000000008cf00000| Complete 
| 208|0x000000008d000000, 0x000000008d100000, 0x000000008d100000|100%|HS|  |TAMS 0x000000008d000000, 0x000000008d000000| Complete 
| 209|0x000000008d100000, 0x000000008d200000, 0x000000008d200000|100%|HC|  |TAMS 0x000000008d100000, 0x000000008d100000| Complete 
| 210|0x000000008d200000, 0x000000008d300000, 0x000000008d300000|100%|HS|  |TAMS 0x000000008d200000, 0x000000008d200000| Complete 
| 211|0x000000008d300000, 0x000000008d400000, 0x000000008d400000|100%|HC|  |TAMS 0x000000008d300000, 0x000000008d300000| Complete 
| 212|0x000000008d400000, 0x000000008d500000, 0x000000008d500000|100%|HS|  |TAMS 0x000000008d400000, 0x000000008d400000| Complete 
| 213|0x000000008d500000, 0x000000008d600000, 0x000000008d600000|100%|HS|  |TAMS 0x000000008d500000, 0x000000008d500000| Complete 
| 214|0x000000008d600000, 0x000000008d700000, 0x000000008d700000|100%|HS|  |TAMS 0x000000008d600000, 0x000000008d600000| Complete 
| 215|0x000000008d700000, 0x000000008d800000, 0x000000008d800000|100%|HS|  |TAMS 0x000000008d700000, 0x000000008d700000| Complete 
| 216|0x000000008d800000, 0x000000008d900000, 0x000000008d900000|100%|HC|  |TAMS 0x000000008d800000, 0x000000008d800000| Complete 
| 217|0x000000008d900000, 0x000000008da00000, 0x000000008da00000|100%|HS|  |TAMS 0x000000008d900000, 0x000000008d900000| Complete 
| 218|0x000000008da00000, 0x000000008db00000, 0x000000008db00000|100%|HC|  |TAMS 0x000000008da00000, 0x000000008da00000| Complete 
| 219|0x000000008db00000, 0x000000008dc00000, 0x000000008dc00000|100%|HS|  |TAMS 0x000000008db00000, 0x000000008db00000| Complete 
| 220|0x000000008dc00000, 0x000000008dd00000, 0x000000008dd00000|100%|HS|  |TAMS 0x000000008dc00000, 0x000000008dc00000| Complete 
| 221|0x000000008dd00000, 0x000000008de00000, 0x000000008de00000|100%|HC|  |TAMS 0x000000008dd00000, 0x000000008dd00000| Complete 
| 222|0x000000008de00000, 0x000000008df00000, 0x000000008df00000|100%|HS|  |TAMS 0x000000008de00000, 0x000000008de00000| Complete 
| 223|0x000000008df00000, 0x000000008e000000, 0x000000008e000000|100%|HC|  |TAMS 0x000000008df00000, 0x000000008df00000| Complete 
| 224|0x000000008e000000, 0x000000008e100000, 0x000000008e100000|100%|HC|  |TAMS 0x000000008e000000, 0x000000008e000000| Complete 
| 225|0x000000008e100000, 0x000000008e200000, 0x000000008e200000|100%|HS|  |TAMS 0x000000008e100000, 0x000000008e100000| Complete 
| 226|0x000000008e200000, 0x000000008e300000, 0x000000008e300000|100%|HC|  |TAMS 0x000000008e200000, 0x000000008e200000| Complete 
| 227|0x000000008e300000, 0x000000008e400000, 0x000000008e400000|100%|HC|  |TAMS 0x000000008e300000, 0x000000008e300000| Complete 
| 228|0x000000008e400000, 0x000000008e500000, 0x000000008e500000|100%|HS|  |TAMS 0x000000008e400000, 0x000000008e400000| Complete 
| 229|0x000000008e500000, 0x000000008e600000, 0x000000008e600000|100%|HS|  |TAMS 0x000000008e500000, 0x000000008e500000| Complete 
| 230|0x000000008e600000, 0x000000008e700000, 0x000000008e700000|100%|HC|  |TAMS 0x000000008e600000, 0x000000008e600000| Complete 
| 231|0x000000008e700000, 0x000000008e800000, 0x000000008e800000|100%|HS|  |TAMS 0x000000008e700000, 0x000000008e700000| Complete 
| 232|0x000000008e800000, 0x000000008e900000, 0x000000008e900000|100%|HC|  |TAMS 0x000000008e800000, 0x000000008e800000| Complete 
| 233|0x000000008e900000, 0x000000008ea00000, 0x000000008ea00000|100%|HS|  |TAMS 0x000000008e900000, 0x000000008e900000| Complete 
| 234|0x000000008ea00000, 0x000000008eb00000, 0x000000008eb00000|100%|HS|  |TAMS 0x000000008ea00000, 0x000000008ea00000| Complete 
| 235|0x000000008eb00000, 0x000000008ec00000, 0x000000008ec00000|100%|HC|  |TAMS 0x000000008eb00000, 0x000000008eb00000| Complete 
| 236|0x000000008ec00000, 0x000000008ed00000, 0x000000008ed00000|100%|HS|  |TAMS 0x000000008ec00000, 0x000000008ec00000| Complete 
| 237|0x000000008ed00000, 0x000000008ee00000, 0x000000008ee00000|100%|HC|  |TAMS 0x000000008ed00000, 0x000000008ed00000| Complete 
| 238|0x000000008ee00000, 0x000000008ef00000, 0x000000008ef00000|100%|HS|  |TAMS 0x000000008ee00000, 0x000000008ee00000| Complete 
| 239|0x000000008ef00000, 0x000000008f000000, 0x000000008f000000|100%|HS|  |TAMS 0x000000008ef00000, 0x000000008ef00000| Complete 
| 240|0x000000008f000000, 0x000000008f100000, 0x000000008f100000|100%|HS|  |TAMS 0x000000008f000000, 0x000000008f000000| Complete 
| 241|0x000000008f100000, 0x000000008f200000, 0x000000008f200000|100%|HS|  |TAMS 0x000000008f200000, 0x000000008f100000| Complete 
| 242|0x000000008f200000, 0x000000008f300000, 0x000000008f300000|100%|HC|  |TAMS 0x000000008f300000, 0x000000008f200000| Complete 
| 243|0x000000008f300000, 0x000000008f400000, 0x000000008f400000|100%|HC|  |TAMS 0x000000008f400000, 0x000000008f300000| Complete 
| 244|0x000000008f400000, 0x000000008f500000, 0x000000008f500000|100%|HC|  |TAMS 0x000000008f500000, 0x000000008f400000| Complete 
| 245|0x000000008f500000, 0x000000008f600000, 0x000000008f600000|100%|HC|  |TAMS 0x000000008f600000, 0x000000008f500000| Complete 
| 246|0x000000008f600000, 0x000000008f700000, 0x000000008f700000|100%|HC|  |TAMS 0x000000008f700000, 0x000000008f600000| Complete 
| 247|0x000000008f700000, 0x000000008f800000, 0x000000008f800000|100%|HC|  |TAMS 0x000000008f800000, 0x000000008f700000| Complete 
| 248|0x000000008f800000, 0x000000008f900000, 0x000000008f900000|100%|HC|  |TAMS 0x000000008f900000, 0x000000008f800000| Complete 
| 249|0x000000008f900000, 0x000000008fa00000, 0x000000008fa00000|100%|HC|  |TAMS 0x000000008fa00000, 0x000000008f900000| Complete 
| 250|0x000000008fa00000, 0x000000008fb00000, 0x000000008fb00000|100%|HC|  |TAMS 0x000000008fb00000, 0x000000008fa00000| Complete 
| 251|0x000000008fb00000, 0x000000008fc00000, 0x000000008fc00000|100%|HC|  |TAMS 0x000000008fc00000, 0x000000008fb00000| Complete 
| 252|0x000000008fc00000, 0x000000008fd00000, 0x000000008fd00000|100%|HC|  |TAMS 0x000000008fd00000, 0x000000008fc00000| Complete 
| 253|0x000000008fd00000, 0x000000008fe00000, 0x000000008fe00000|100%|HC|  |TAMS 0x000000008fe00000, 0x000000008fd00000| Complete 
| 254|0x000000008fe00000, 0x000000008ff00000, 0x000000008ff00000|100%|HC|  |TAMS 0x000000008ff00000, 0x000000008fe00000| Complete 
| 255|0x000000008ff00000, 0x0000000090000000, 0x0000000090000000|100%|HC|  |TAMS 0x0000000090000000, 0x000000008ff00000| Complete 
| 256|0x0000000090000000, 0x0000000090100000, 0x0000000090100000|100%|HC|  |TAMS 0x0000000090100000, 0x0000000090000000| Complete 
| 257|0x0000000090100000, 0x0000000090200000, 0x0000000090200000|100%|HC|  |TAMS 0x0000000090200000, 0x0000000090100000| Complete 
| 258|0x0000000090200000, 0x0000000090300000, 0x0000000090300000|100%|HC|  |TAMS 0x0000000090300000, 0x0000000090200000| Complete 
| 259|0x0000000090300000, 0x0000000090400000, 0x0000000090400000|100%|HC|  |TAMS 0x0000000090400000, 0x0000000090300000| Complete 
| 260|0x0000000090400000, 0x0000000090500000, 0x0000000090500000|100%|HC|  |TAMS 0x0000000090500000, 0x0000000090400000| Complete 
| 261|0x0000000090500000, 0x0000000090600000, 0x0000000090600000|100%|HC|  |TAMS 0x0000000090600000, 0x0000000090500000| Complete 
| 262|0x0000000090600000, 0x0000000090700000, 0x0000000090700000|100%|HC|  |TAMS 0x0000000090700000, 0x0000000090600000| Complete 
| 263|0x0000000090700000, 0x0000000090800000, 0x0000000090800000|100%|HC|  |TAMS 0x0000000090800000, 0x0000000090700000| Complete 
| 264|0x0000000090800000, 0x0000000090900000, 0x0000000090900000|100%|HC|  |TAMS 0x0000000090900000, 0x0000000090800000| Complete 
| 265|0x0000000090900000, 0x0000000090a00000, 0x0000000090a00000|100%|HC|  |TAMS 0x0000000090a00000, 0x0000000090900000| Complete 
| 266|0x0000000090a00000, 0x0000000090b00000, 0x0000000090b00000|100%|HC|  |TAMS 0x0000000090b00000, 0x0000000090a00000| Complete 
| 267|0x0000000090b00000, 0x0000000090c00000, 0x0000000090c00000|100%|HC|  |TAMS 0x0000000090c00000, 0x0000000090b00000| Complete 
| 268|0x0000000090c00000, 0x0000000090d00000, 0x0000000090d00000|100%|HC|  |TAMS 0x0000000090d00000, 0x0000000090c00000| Complete 
| 269|0x0000000090d00000, 0x0000000090e00000, 0x0000000090e00000|100%|HC|  |TAMS 0x0000000090e00000, 0x0000000090d00000| Complete 
| 270|0x0000000090e00000, 0x0000000090f00000, 0x0000000090f00000|100%|HC|  |TAMS 0x0000000090f00000, 0x0000000090e00000| Complete 
| 271|0x0000000090f00000, 0x0000000091000000, 0x0000000091000000|100%|HS|  |TAMS 0x0000000090f00000, 0x0000000090f00000| Complete 
| 272|0x0000000091000000, 0x0000000091100000, 0x0000000091100000|100%|HC|  |TAMS 0x0000000091000000, 0x0000000091000000| Complete 
| 273|0x0000000091100000, 0x0000000091200000, 0x0000000091200000|100%|HS|  |TAMS 0x0000000091100000, 0x0000000091100000| Complete 
| 274|0x0000000091200000, 0x0000000091300000, 0x0000000091300000|100%|HC|  |TAMS 0x0000000091200000, 0x0000000091200000| Complete 
| 275|0x0000000091300000, 0x0000000091400000, 0x0000000091400000|100%|HS|  |TAMS 0x0000000091300000, 0x0000000091300000| Complete 
| 276|0x0000000091400000, 0x0000000091500000, 0x0000000091500000|100%|HS|  |TAMS 0x0000000091400000, 0x0000000091400000| Complete 
| 277|0x0000000091500000, 0x0000000091600000, 0x0000000091600000|100%|HC|  |TAMS 0x0000000091500000, 0x0000000091500000| Complete 
| 278|0x0000000091600000, 0x0000000091700000, 0x0000000091700000|100%|HS|  |TAMS 0x0000000091600000, 0x0000000091600000| Complete 
| 279|0x0000000091700000, 0x0000000091800000, 0x0000000091800000|100%|HC|  |TAMS 0x0000000091700000, 0x0000000091700000| Complete 
| 280|0x0000000091800000, 0x0000000091900000, 0x0000000091900000|100%|HC|  |TAMS 0x0000000091800000, 0x0000000091800000| Complete 
| 281|0x0000000091900000, 0x0000000091a00000, 0x0000000091a00000|100%|HS|  |TAMS 0x0000000091900000, 0x0000000091900000| Complete 
| 282|0x0000000091a00000, 0x0000000091b00000, 0x0000000091b00000|100%|HC|  |TAMS 0x0000000091a00000, 0x0000000091a00000| Complete 
| 283|0x0000000091b00000, 0x0000000091c00000, 0x0000000091c00000|100%|HC|  |TAMS 0x0000000091b00000, 0x0000000091b00000| Complete 
| 284|0x0000000091c00000, 0x0000000091d00000, 0x0000000091d00000|100%|HS|  |TAMS 0x0000000091c00000, 0x0000000091c00000| Complete 
| 285|0x0000000091d00000, 0x0000000091d00000, 0x0000000091e00000|  0%| F|  |TAMS 0x0000000091d00000, 0x0000000091d00000| Untracked 
| 286|0x0000000091e00000, 0x0000000091e00000, 0x0000000091f00000|  0%| F|  |TAMS 0x0000000091e00000, 0x0000000091e00000| Untracked 
| 287|0x0000000091f00000, 0x0000000091f00000, 0x0000000092000000|  0%| F|  |TAMS 0x0000000091f00000, 0x0000000091f00000| Untracked 
| 288|0x0000000092000000, 0x0000000092000000, 0x0000000092100000|  0%| F|  |TAMS 0x0000000092000000, 0x0000000092000000| Untracked 
| 289|0x0000000092100000, 0x0000000092100000, 0x0000000092200000|  0%| F|  |TAMS 0x0000000092100000, 0x0000000092100000| Untracked 
| 290|0x0000000092200000, 0x0000000092200000, 0x0000000092300000|  0%| F|  |TAMS 0x0000000092200000, 0x0000000092200000| Untracked 
| 291|0x0000000092300000, 0x0000000092300000, 0x0000000092400000|  0%| F|  |TAMS 0x0000000092300000, 0x0000000092300000| Untracked 
| 292|0x0000000092400000, 0x0000000092400000, 0x0000000092500000|  0%| F|  |TAMS 0x0000000092400000, 0x0000000092400000| Untracked 
| 293|0x0000000092500000, 0x0000000092500000, 0x0000000092600000|  0%| F|  |TAMS 0x0000000092500000, 0x0000000092500000| Untracked 
| 294|0x0000000092600000, 0x0000000092600000, 0x0000000092700000|  0%| F|  |TAMS 0x0000000092600000, 0x0000000092600000| Untracked 
| 295|0x0000000092700000, 0x0000000092700000, 0x0000000092800000|  0%| F|  |TAMS 0x0000000092700000, 0x0000000092700000| Untracked 
| 296|0x0000000092800000, 0x0000000092800000, 0x0000000092900000|  0%| F|  |TAMS 0x0000000092800000, 0x0000000092800000| Untracked 
| 297|0x0000000092900000, 0x0000000092900000, 0x0000000092a00000|  0%| F|  |TAMS 0x0000000092900000, 0x0000000092900000| Untracked 
| 298|0x0000000092a00000, 0x0000000092a00000, 0x0000000092b00000|  0%| F|  |TAMS 0x0000000092a00000, 0x0000000092a00000| Untracked 
| 299|0x0000000092b00000, 0x0000000092b00000, 0x0000000092c00000|  0%| F|  |TAMS 0x0000000092b00000, 0x0000000092b00000| Untracked 
| 300|0x0000000092c00000, 0x0000000092c00000, 0x0000000092d00000|  0%| F|  |TAMS 0x0000000092c00000, 0x0000000092c00000| Untracked 
| 301|0x0000000092d00000, 0x0000000092d00000, 0x0000000092e00000|  0%| F|  |TAMS 0x0000000092d00000, 0x0000000092d00000| Untracked 
| 302|0x0000000092e00000, 0x0000000092e00000, 0x0000000092f00000|  0%| F|  |TAMS 0x0000000092e00000, 0x0000000092e00000| Untracked 
| 303|0x0000000092f00000, 0x0000000092f00000, 0x0000000093000000|  0%| F|  |TAMS 0x0000000092f00000, 0x0000000092f00000| Untracked 
| 304|0x0000000093000000, 0x0000000093000000, 0x0000000093100000|  0%| F|  |TAMS 0x0000000093000000, 0x0000000093000000| Untracked 
| 305|0x0000000093100000, 0x0000000093100000, 0x0000000093200000|  0%| F|  |TAMS 0x0000000093100000, 0x0000000093100000| Untracked 
| 306|0x0000000093200000, 0x0000000093200000, 0x0000000093300000|  0%| F|  |TAMS 0x0000000093200000, 0x0000000093200000| Untracked 
| 307|0x0000000093300000, 0x0000000093300000, 0x0000000093400000|  0%| F|  |TAMS 0x0000000093300000, 0x0000000093300000| Untracked 
| 308|0x0000000093400000, 0x0000000093400000, 0x0000000093500000|  0%| F|  |TAMS 0x0000000093400000, 0x0000000093400000| Untracked 
| 309|0x0000000093500000, 0x0000000093500000, 0x0000000093600000|  0%| F|  |TAMS 0x0000000093500000, 0x0000000093500000| Untracked 
| 310|0x0000000093600000, 0x0000000093600000, 0x0000000093700000|  0%| F|  |TAMS 0x0000000093600000, 0x0000000093600000| Untracked 
| 311|0x0000000093700000, 0x0000000093700000, 0x0000000093800000|  0%| F|  |TAMS 0x0000000093700000, 0x0000000093700000| Untracked 
| 312|0x0000000093800000, 0x0000000093800000, 0x0000000093900000|  0%| F|  |TAMS 0x0000000093800000, 0x0000000093800000| Untracked 
| 313|0x0000000093900000, 0x0000000093900000, 0x0000000093a00000|  0%| F|  |TAMS 0x0000000093900000, 0x0000000093900000| Untracked 
| 314|0x0000000093a00000, 0x0000000093a00000, 0x0000000093b00000|  0%| F|  |TAMS 0x0000000093a00000, 0x0000000093a00000| Untracked 
| 315|0x0000000093b00000, 0x0000000093b00000, 0x0000000093c00000|  0%| F|  |TAMS 0x0000000093b00000, 0x0000000093b00000| Untracked 
| 316|0x0000000093c00000, 0x0000000093c00000, 0x0000000093d00000|  0%| F|  |TAMS 0x0000000093c00000, 0x0000000093c00000| Untracked 
| 317|0x0000000093d00000, 0x0000000093d00000, 0x0000000093e00000|  0%| F|  |TAMS 0x0000000093d00000, 0x0000000093d00000| Untracked 
| 318|0x0000000093e00000, 0x0000000093e00000, 0x0000000093f00000|  0%| F|  |TAMS 0x0000000093e00000, 0x0000000093e00000| Untracked 
| 319|0x0000000093f00000, 0x0000000093f00000, 0x0000000094000000|  0%| F|  |TAMS 0x0000000093f00000, 0x0000000093f00000| Untracked 
| 320|0x0000000094000000, 0x0000000094000000, 0x0000000094100000|  0%| F|  |TAMS 0x0000000094000000, 0x0000000094000000| Untracked 
| 321|0x0000000094100000, 0x0000000094100000, 0x0000000094200000|  0%| F|  |TAMS 0x0000000094100000, 0x0000000094100000| Untracked 
| 322|0x0000000094200000, 0x0000000094200000, 0x0000000094300000|  0%| F|  |TAMS 0x0000000094200000, 0x0000000094200000| Untracked 
| 323|0x0000000094300000, 0x0000000094300000, 0x0000000094400000|  0%| F|  |TAMS 0x0000000094300000, 0x0000000094300000| Untracked 
| 324|0x0000000094400000, 0x0000000094400000, 0x0000000094500000|  0%| F|  |TAMS 0x0000000094400000, 0x0000000094400000| Untracked 
| 325|0x0000000094500000, 0x0000000094500000, 0x0000000094600000|  0%| F|  |TAMS 0x0000000094500000, 0x0000000094500000| Untracked 
| 326|0x0000000094600000, 0x0000000094600000, 0x0000000094700000|  0%| F|  |TAMS 0x0000000094600000, 0x0000000094600000| Untracked 
| 327|0x0000000094700000, 0x0000000094700000, 0x0000000094800000|  0%| F|  |TAMS 0x0000000094700000, 0x0000000094700000| Untracked 
| 328|0x0000000094800000, 0x0000000094800000, 0x0000000094900000|  0%| F|  |TAMS 0x0000000094800000, 0x0000000094800000| Untracked 
| 329|0x0000000094900000, 0x0000000094900000, 0x0000000094a00000|  0%| F|  |TAMS 0x0000000094900000, 0x0000000094900000| Untracked 
| 330|0x0000000094a00000, 0x0000000094a00000, 0x0000000094b00000|  0%| F|  |TAMS 0x0000000094a00000, 0x0000000094a00000| Untracked 
| 331|0x0000000094b00000, 0x0000000094b00000, 0x0000000094c00000|  0%| F|  |TAMS 0x0000000094b00000, 0x0000000094b00000| Untracked 
| 332|0x0000000094c00000, 0x0000000094c00000, 0x0000000094d00000|  0%| F|  |TAMS 0x0000000094c00000, 0x0000000094c00000| Untracked 
| 333|0x0000000094d00000, 0x0000000094d00000, 0x0000000094e00000|  0%| F|  |TAMS 0x0000000094d00000, 0x0000000094d00000| Untracked 
| 334|0x0000000094e00000, 0x0000000094e00000, 0x0000000094f00000|  0%| F|  |TAMS 0x0000000094e00000, 0x0000000094e00000| Untracked 
| 335|0x0000000094f00000, 0x0000000094f00000, 0x0000000095000000|  0%| F|  |TAMS 0x0000000094f00000, 0x0000000094f00000| Untracked 
| 336|0x0000000095000000, 0x0000000095000000, 0x0000000095100000|  0%| F|  |TAMS 0x0000000095000000, 0x0000000095000000| Untracked 
| 337|0x0000000095100000, 0x0000000095100000, 0x0000000095200000|  0%| F|  |TAMS 0x0000000095100000, 0x0000000095100000| Untracked 
| 338|0x0000000095200000, 0x0000000095200000, 0x0000000095300000|  0%| F|  |TAMS 0x0000000095200000, 0x0000000095200000| Untracked 
| 339|0x0000000095300000, 0x0000000095300000, 0x0000000095400000|  0%| F|  |TAMS 0x0000000095300000, 0x0000000095300000| Untracked 
| 340|0x0000000095400000, 0x0000000095400000, 0x0000000095500000|  0%| F|  |TAMS 0x0000000095400000, 0x0000000095400000| Untracked 
| 341|0x0000000095500000, 0x0000000095500000, 0x0000000095600000|  0%| F|  |TAMS 0x0000000095500000, 0x0000000095500000| Untracked 
| 342|0x0000000095600000, 0x0000000095600000, 0x0000000095700000|  0%| F|  |TAMS 0x0000000095600000, 0x0000000095600000| Untracked 
| 343|0x0000000095700000, 0x0000000095700000, 0x0000000095800000|  0%| F|  |TAMS 0x0000000095700000, 0x0000000095700000| Untracked 
| 344|0x0000000095800000, 0x0000000095800000, 0x0000000095900000|  0%| F|  |TAMS 0x0000000095800000, 0x0000000095800000| Untracked 
| 345|0x0000000095900000, 0x0000000095900000, 0x0000000095a00000|  0%| F|  |TAMS 0x0000000095900000, 0x0000000095900000| Untracked 
| 346|0x0000000095a00000, 0x0000000095a00000, 0x0000000095b00000|  0%| F|  |TAMS 0x0000000095a00000, 0x0000000095a00000| Untracked 
| 347|0x0000000095b00000, 0x0000000095b00000, 0x0000000095c00000|  0%| F|  |TAMS 0x0000000095b00000, 0x0000000095b00000| Untracked 
| 348|0x0000000095c00000, 0x0000000095c00000, 0x0000000095d00000|  0%| F|  |TAMS 0x0000000095c00000, 0x0000000095c00000| Untracked 
| 349|0x0000000095d00000, 0x0000000095d00000, 0x0000000095e00000|  0%| F|  |TAMS 0x0000000095d00000, 0x0000000095d00000| Untracked 
| 350|0x0000000095e00000, 0x0000000095e00000, 0x0000000095f00000|  0%| F|  |TAMS 0x0000000095e00000, 0x0000000095e00000| Untracked 
| 351|0x0000000095f00000, 0x0000000095f00000, 0x0000000096000000|  0%| F|  |TAMS 0x0000000095f00000, 0x0000000095f00000| Untracked 
| 352|0x0000000096000000, 0x0000000096000000, 0x0000000096100000|  0%| F|  |TAMS 0x0000000096000000, 0x0000000096000000| Untracked 
| 353|0x0000000096100000, 0x0000000096100000, 0x0000000096200000|  0%| F|  |TAMS 0x0000000096100000, 0x0000000096100000| Untracked 
| 354|0x0000000096200000, 0x0000000096200000, 0x0000000096300000|  0%| F|  |TAMS 0x0000000096200000, 0x0000000096200000| Untracked 
| 355|0x0000000096300000, 0x0000000096300000, 0x0000000096400000|  0%| F|  |TAMS 0x0000000096300000, 0x0000000096300000| Untracked 
| 356|0x0000000096400000, 0x0000000096400000, 0x0000000096500000|  0%| F|  |TAMS 0x0000000096400000, 0x0000000096400000| Untracked 
| 357|0x0000000096500000, 0x0000000096500000, 0x0000000096600000|  0%| F|  |TAMS 0x0000000096500000, 0x0000000096500000| Untracked 
| 358|0x0000000096600000, 0x0000000096600000, 0x0000000096700000|  0%| F|  |TAMS 0x0000000096600000, 0x0000000096600000| Untracked 
| 359|0x0000000096700000, 0x0000000096700000, 0x0000000096800000|  0%| F|  |TAMS 0x0000000096700000, 0x0000000096700000| Untracked 
| 360|0x0000000096800000, 0x0000000096800000, 0x0000000096900000|  0%| F|  |TAMS 0x0000000096800000, 0x0000000096800000| Untracked 
| 361|0x0000000096900000, 0x0000000096900000, 0x0000000096a00000|  0%| F|  |TAMS 0x0000000096900000, 0x0000000096900000| Untracked 
| 362|0x0000000096a00000, 0x0000000096a00000, 0x0000000096b00000|  0%| F|  |TAMS 0x0000000096a00000, 0x0000000096a00000| Untracked 
| 363|0x0000000096b00000, 0x0000000096b00000, 0x0000000096c00000|  0%| F|  |TAMS 0x0000000096b00000, 0x0000000096b00000| Untracked 
| 364|0x0000000096c00000, 0x0000000096c00000, 0x0000000096d00000|  0%| F|  |TAMS 0x0000000096c00000, 0x0000000096c00000| Untracked 
| 365|0x0000000096d00000, 0x0000000096d00000, 0x0000000096e00000|  0%| F|  |TAMS 0x0000000096d00000, 0x0000000096d00000| Untracked 
| 366|0x0000000096e00000, 0x0000000096e00000, 0x0000000096f00000|  0%| F|  |TAMS 0x0000000096e00000, 0x0000000096e00000| Untracked 
| 367|0x0000000096f00000, 0x0000000096f00000, 0x0000000097000000|  0%| F|  |TAMS 0x0000000096f00000, 0x0000000096f00000| Untracked 
| 368|0x0000000097000000, 0x0000000097000000, 0x0000000097100000|  0%| F|  |TAMS 0x0000000097000000, 0x0000000097000000| Untracked 
| 369|0x0000000097100000, 0x0000000097100000, 0x0000000097200000|  0%| F|  |TAMS 0x0000000097100000, 0x0000000097100000| Untracked 
| 370|0x0000000097200000, 0x0000000097200000, 0x0000000097300000|  0%| F|  |TAMS 0x0000000097200000, 0x0000000097200000| Untracked 
| 371|0x0000000097300000, 0x0000000097300000, 0x0000000097400000|  0%| F|  |TAMS 0x0000000097300000, 0x0000000097300000| Untracked 
| 372|0x0000000097400000, 0x0000000097400000, 0x0000000097500000|  0%| F|  |TAMS 0x0000000097400000, 0x0000000097400000| Untracked 
| 373|0x0000000097500000, 0x0000000097500000, 0x0000000097600000|  0%| F|  |TAMS 0x0000000097500000, 0x0000000097500000| Untracked 
| 374|0x0000000097600000, 0x0000000097600000, 0x0000000097700000|  0%| F|  |TAMS 0x0000000097600000, 0x0000000097600000| Untracked 
| 375|0x0000000097700000, 0x0000000097700000, 0x0000000097800000|  0%| F|  |TAMS 0x0000000097700000, 0x0000000097700000| Untracked 
| 376|0x0000000097800000, 0x0000000097800000, 0x0000000097900000|  0%| F|  |TAMS 0x0000000097800000, 0x0000000097800000| Untracked 
| 377|0x0000000097900000, 0x0000000097900000, 0x0000000097a00000|  0%| F|  |TAMS 0x0000000097900000, 0x0000000097900000| Untracked 
| 378|0x0000000097a00000, 0x0000000097a00000, 0x0000000097b00000|  0%| F|  |TAMS 0x0000000097a00000, 0x0000000097a00000| Untracked 
| 379|0x0000000097b00000, 0x0000000097b00000, 0x0000000097c00000|  0%| F|  |TAMS 0x0000000097b00000, 0x0000000097b00000| Untracked 
| 380|0x0000000097c00000, 0x0000000097c00000, 0x0000000097d00000|  0%| F|  |TAMS 0x0000000097c00000, 0x0000000097c00000| Untracked 
| 381|0x0000000097d00000, 0x0000000097d00000, 0x0000000097e00000|  0%| F|  |TAMS 0x0000000097d00000, 0x0000000097d00000| Untracked 
| 382|0x0000000097e00000, 0x0000000097e00000, 0x0000000097f00000|  0%| F|  |TAMS 0x0000000097e00000, 0x0000000097e00000| Untracked 
| 383|0x0000000097f00000, 0x0000000097f00000, 0x0000000098000000|  0%| F|  |TAMS 0x0000000097f00000, 0x0000000097f00000| Untracked 
| 384|0x0000000098000000, 0x0000000098000000, 0x0000000098100000|  0%| F|  |TAMS 0x0000000098000000, 0x0000000098000000| Untracked 
| 385|0x0000000098100000, 0x0000000098100000, 0x0000000098200000|  0%| F|  |TAMS 0x0000000098100000, 0x0000000098100000| Untracked 
| 386|0x0000000098200000, 0x0000000098200000, 0x0000000098300000|  0%| F|  |TAMS 0x0000000098200000, 0x0000000098200000| Untracked 
| 387|0x0000000098300000, 0x0000000098300000, 0x0000000098400000|  0%| F|  |TAMS 0x0000000098300000, 0x0000000098300000| Untracked 
| 388|0x0000000098400000, 0x0000000098400000, 0x0000000098500000|  0%| F|  |TAMS 0x0000000098400000, 0x0000000098400000| Untracked 
| 389|0x0000000098500000, 0x0000000098500000, 0x0000000098600000|  0%| F|  |TAMS 0x0000000098500000, 0x0000000098500000| Untracked 
| 390|0x0000000098600000, 0x0000000098600000, 0x0000000098700000|  0%| F|  |TAMS 0x0000000098600000, 0x0000000098600000| Untracked 
| 391|0x0000000098700000, 0x0000000098700000, 0x0000000098800000|  0%| F|  |TAMS 0x0000000098700000, 0x0000000098700000| Untracked 
| 392|0x0000000098800000, 0x0000000098800000, 0x0000000098900000|  0%| F|  |TAMS 0x0000000098800000, 0x0000000098800000| Untracked 
| 393|0x0000000098900000, 0x0000000098900000, 0x0000000098a00000|  0%| F|  |TAMS 0x0000000098900000, 0x0000000098900000| Untracked 
| 394|0x0000000098a00000, 0x0000000098a00000, 0x0000000098b00000|  0%| F|  |TAMS 0x0000000098a00000, 0x0000000098a00000| Untracked 
| 395|0x0000000098b00000, 0x0000000098b00000, 0x0000000098c00000|  0%| F|  |TAMS 0x0000000098b00000, 0x0000000098b00000| Untracked 
| 396|0x0000000098c00000, 0x0000000098c00000, 0x0000000098d00000|  0%| F|  |TAMS 0x0000000098c00000, 0x0000000098c00000| Untracked 
| 397|0x0000000098d00000, 0x0000000098d00000, 0x0000000098e00000|  0%| F|  |TAMS 0x0000000098d00000, 0x0000000098d00000| Untracked 
| 398|0x0000000098e00000, 0x0000000098e00000, 0x0000000098f00000|  0%| F|  |TAMS 0x0000000098e00000, 0x0000000098e00000| Untracked 
| 399|0x0000000098f00000, 0x0000000098f00000, 0x0000000099000000|  0%| F|  |TAMS 0x0000000098f00000, 0x0000000098f00000| Untracked 
| 400|0x0000000099000000, 0x0000000099000000, 0x0000000099100000|  0%| F|  |TAMS 0x0000000099000000, 0x0000000099000000| Untracked 
| 401|0x0000000099100000, 0x0000000099100000, 0x0000000099200000|  0%| F|  |TAMS 0x0000000099100000, 0x0000000099100000| Untracked 
| 402|0x0000000099200000, 0x0000000099200000, 0x0000000099300000|  0%| F|  |TAMS 0x0000000099200000, 0x0000000099200000| Untracked 
| 403|0x0000000099300000, 0x0000000099300000, 0x0000000099400000|  0%| F|  |TAMS 0x0000000099300000, 0x0000000099300000| Untracked 
| 404|0x0000000099400000, 0x0000000099400000, 0x0000000099500000|  0%| F|  |TAMS 0x0000000099400000, 0x0000000099400000| Untracked 
| 405|0x0000000099500000, 0x0000000099500000, 0x0000000099600000|  0%| F|  |TAMS 0x0000000099500000, 0x0000000099500000| Untracked 
| 406|0x0000000099600000, 0x0000000099600000, 0x0000000099700000|  0%| F|  |TAMS 0x0000000099600000, 0x0000000099600000| Untracked 
| 407|0x0000000099700000, 0x0000000099700000, 0x0000000099800000|  0%| F|  |TAMS 0x0000000099700000, 0x0000000099700000| Untracked 
| 408|0x0000000099800000, 0x0000000099800000, 0x0000000099900000|  0%| F|  |TAMS 0x0000000099800000, 0x0000000099800000| Untracked 
| 409|0x0000000099900000, 0x0000000099900000, 0x0000000099a00000|  0%| F|  |TAMS 0x0000000099900000, 0x0000000099900000| Untracked 
| 410|0x0000000099a00000, 0x0000000099a00000, 0x0000000099b00000|  0%| F|  |TAMS 0x0000000099a00000, 0x0000000099a00000| Untracked 
| 411|0x0000000099b00000, 0x0000000099b00000, 0x0000000099c00000|  0%| F|  |TAMS 0x0000000099b00000, 0x0000000099b00000| Untracked 
| 412|0x0000000099c00000, 0x0000000099c00000, 0x0000000099d00000|  0%| F|  |TAMS 0x0000000099c00000, 0x0000000099c00000| Untracked 
| 413|0x0000000099d00000, 0x0000000099d00000, 0x0000000099e00000|  0%| F|  |TAMS 0x0000000099d00000, 0x0000000099d00000| Untracked 
| 414|0x0000000099e00000, 0x0000000099e00000, 0x0000000099f00000|  0%| F|  |TAMS 0x0000000099e00000, 0x0000000099e00000| Untracked 
| 415|0x0000000099f00000, 0x0000000099f00000, 0x000000009a000000|  0%| F|  |TAMS 0x0000000099f00000, 0x0000000099f00000| Untracked 
| 416|0x000000009a000000, 0x000000009a000000, 0x000000009a100000|  0%| F|  |TAMS 0x000000009a000000, 0x000000009a000000| Untracked 
| 417|0x000000009a100000, 0x000000009a100000, 0x000000009a200000|  0%| F|  |TAMS 0x000000009a100000, 0x000000009a100000| Untracked 
| 418|0x000000009a200000, 0x000000009a200000, 0x000000009a300000|  0%| F|  |TAMS 0x000000009a200000, 0x000000009a200000| Untracked 
| 419|0x000000009a300000, 0x000000009a300000, 0x000000009a400000|  0%| F|  |TAMS 0x000000009a300000, 0x000000009a300000| Untracked 
| 420|0x000000009a400000, 0x000000009a400000, 0x000000009a500000|  0%| F|  |TAMS 0x000000009a400000, 0x000000009a400000| Untracked 
| 421|0x000000009a500000, 0x000000009a500000, 0x000000009a600000|  0%| F|  |TAMS 0x000000009a500000, 0x000000009a500000| Untracked 
| 422|0x000000009a600000, 0x000000009a600000, 0x000000009a700000|  0%| F|  |TAMS 0x000000009a600000, 0x000000009a600000| Untracked 
| 423|0x000000009a700000, 0x000000009a700000, 0x000000009a800000|  0%| F|  |TAMS 0x000000009a700000, 0x000000009a700000| Untracked 
| 424|0x000000009a800000, 0x000000009a800000, 0x000000009a900000|  0%| F|  |TAMS 0x000000009a800000, 0x000000009a800000| Untracked 
| 425|0x000000009a900000, 0x000000009a900000, 0x000000009aa00000|  0%| F|  |TAMS 0x000000009a900000, 0x000000009a900000| Untracked 
| 426|0x000000009aa00000, 0x000000009aa00000, 0x000000009ab00000|  0%| F|  |TAMS 0x000000009aa00000, 0x000000009aa00000| Untracked 
| 427|0x000000009ab00000, 0x000000009ab00000, 0x000000009ac00000|  0%| F|  |TAMS 0x000000009ab00000, 0x000000009ab00000| Untracked 
| 428|0x000000009ac00000, 0x000000009ac00000, 0x000000009ad00000|  0%| F|  |TAMS 0x000000009ac00000, 0x000000009ac00000| Untracked 
| 429|0x000000009ad00000, 0x000000009ad00000, 0x000000009ae00000|  0%| F|  |TAMS 0x000000009ad00000, 0x000000009ad00000| Untracked 
| 430|0x000000009ae00000, 0x000000009ae00000, 0x000000009af00000|  0%| F|  |TAMS 0x000000009ae00000, 0x000000009ae00000| Untracked 
| 431|0x000000009af00000, 0x000000009af00000, 0x000000009b000000|  0%| F|  |TAMS 0x000000009af00000, 0x000000009af00000| Untracked 
| 432|0x000000009b000000, 0x000000009b000000, 0x000000009b100000|  0%| F|  |TAMS 0x000000009b000000, 0x000000009b000000| Untracked 
| 433|0x000000009b100000, 0x000000009b100000, 0x000000009b200000|  0%| F|  |TAMS 0x000000009b100000, 0x000000009b100000| Untracked 
| 434|0x000000009b200000, 0x000000009b200000, 0x000000009b300000|  0%| F|  |TAMS 0x000000009b200000, 0x000000009b200000| Untracked 
| 435|0x000000009b300000, 0x000000009b300000, 0x000000009b400000|  0%| F|  |TAMS 0x000000009b300000, 0x000000009b300000| Untracked 
| 436|0x000000009b400000, 0x000000009b400000, 0x000000009b500000|  0%| F|  |TAMS 0x000000009b400000, 0x000000009b400000| Untracked 
| 437|0x000000009b500000, 0x000000009b500000, 0x000000009b600000|  0%| F|  |TAMS 0x000000009b500000, 0x000000009b500000| Untracked 
| 438|0x000000009b600000, 0x000000009b600000, 0x000000009b700000|  0%| F|  |TAMS 0x000000009b600000, 0x000000009b600000| Untracked 
| 439|0x000000009b700000, 0x000000009b700000, 0x000000009b800000|  0%| F|  |TAMS 0x000000009b700000, 0x000000009b700000| Untracked 
| 440|0x000000009b800000, 0x000000009b800000, 0x000000009b900000|  0%| F|  |TAMS 0x000000009b800000, 0x000000009b800000| Untracked 
| 441|0x000000009b900000, 0x000000009b900000, 0x000000009ba00000|  0%| F|  |TAMS 0x000000009b900000, 0x000000009b900000| Untracked 
| 442|0x000000009ba00000, 0x000000009ba00000, 0x000000009bb00000|  0%| F|  |TAMS 0x000000009ba00000, 0x000000009ba00000| Untracked 
| 443|0x000000009bb00000, 0x000000009bb00000, 0x000000009bc00000|  0%| F|  |TAMS 0x000000009bb00000, 0x000000009bb00000| Untracked 
| 444|0x000000009bc00000, 0x000000009bc00000, 0x000000009bd00000|  0%| F|  |TAMS 0x000000009bc00000, 0x000000009bc00000| Untracked 
| 445|0x000000009bd00000, 0x000000009bd00000, 0x000000009be00000|  0%| F|  |TAMS 0x000000009bd00000, 0x000000009bd00000| Untracked 
| 446|0x000000009be00000, 0x000000009be00000, 0x000000009bf00000|  0%| F|  |TAMS 0x000000009be00000, 0x000000009be00000| Untracked 
| 447|0x000000009bf00000, 0x000000009bf00000, 0x000000009c000000|  0%| F|  |TAMS 0x000000009bf00000, 0x000000009bf00000| Untracked 
| 448|0x000000009c000000, 0x000000009c000000, 0x000000009c100000|  0%| F|  |TAMS 0x000000009c000000, 0x000000009c000000| Untracked 
| 449|0x000000009c100000, 0x000000009c100000, 0x000000009c200000|  0%| F|  |TAMS 0x000000009c100000, 0x000000009c100000| Untracked 
| 450|0x000000009c200000, 0x000000009c200000, 0x000000009c300000|  0%| F|  |TAMS 0x000000009c200000, 0x000000009c200000| Untracked 
| 451|0x000000009c300000, 0x000000009c300000, 0x000000009c400000|  0%| F|  |TAMS 0x000000009c300000, 0x000000009c300000| Untracked 
| 452|0x000000009c400000, 0x000000009c400000, 0x000000009c500000|  0%| F|  |TAMS 0x000000009c400000, 0x000000009c400000| Untracked 
| 453|0x000000009c500000, 0x000000009c500000, 0x000000009c600000|  0%| F|  |TAMS 0x000000009c500000, 0x000000009c500000| Untracked 
| 454|0x000000009c600000, 0x000000009c600000, 0x000000009c700000|  0%| F|  |TAMS 0x000000009c600000, 0x000000009c600000| Untracked 
| 455|0x000000009c700000, 0x000000009c700000, 0x000000009c800000|  0%| F|  |TAMS 0x000000009c700000, 0x000000009c700000| Untracked 
| 456|0x000000009c800000, 0x000000009c800000, 0x000000009c900000|  0%| F|  |TAMS 0x000000009c800000, 0x000000009c800000| Untracked 
| 457|0x000000009c900000, 0x000000009c900000, 0x000000009ca00000|  0%| F|  |TAMS 0x000000009c900000, 0x000000009c900000| Untracked 
| 458|0x000000009ca00000, 0x000000009ca00000, 0x000000009cb00000|  0%| F|  |TAMS 0x000000009ca00000, 0x000000009ca00000| Untracked 
| 459|0x000000009cb00000, 0x000000009cb00000, 0x000000009cc00000|  0%| F|  |TAMS 0x000000009cb00000, 0x000000009cb00000| Untracked 
| 460|0x000000009cc00000, 0x000000009cc00000, 0x000000009cd00000|  0%| F|  |TAMS 0x000000009cc00000, 0x000000009cc00000| Untracked 
| 461|0x000000009cd00000, 0x000000009cd00000, 0x000000009ce00000|  0%| F|  |TAMS 0x000000009cd00000, 0x000000009cd00000| Untracked 
| 462|0x000000009ce00000, 0x000000009ce00000, 0x000000009cf00000|  0%| F|  |TAMS 0x000000009ce00000, 0x000000009ce00000| Untracked 
| 463|0x000000009cf00000, 0x000000009cf00000, 0x000000009d000000|  0%| F|  |TAMS 0x000000009cf00000, 0x000000009cf00000| Untracked 
| 464|0x000000009d000000, 0x000000009d000000, 0x000000009d100000|  0%| F|  |TAMS 0x000000009d000000, 0x000000009d000000| Untracked 
| 465|0x000000009d100000, 0x000000009d100000, 0x000000009d200000|  0%| F|  |TAMS 0x000000009d100000, 0x000000009d100000| Untracked 
| 466|0x000000009d200000, 0x000000009d200000, 0x000000009d300000|  0%| F|  |TAMS 0x000000009d200000, 0x000000009d200000| Untracked 
| 467|0x000000009d300000, 0x000000009d300000, 0x000000009d400000|  0%| F|  |TAMS 0x000000009d300000, 0x000000009d300000| Untracked 
| 468|0x000000009d400000, 0x000000009d400000, 0x000000009d500000|  0%| F|  |TAMS 0x000000009d400000, 0x000000009d400000| Untracked 
| 469|0x000000009d500000, 0x000000009d500000, 0x000000009d600000|  0%| F|  |TAMS 0x000000009d500000, 0x000000009d500000| Untracked 
| 470|0x000000009d600000, 0x000000009d600000, 0x000000009d700000|  0%| F|  |TAMS 0x000000009d600000, 0x000000009d600000| Untracked 
| 471|0x000000009d700000, 0x000000009d700000, 0x000000009d800000|  0%| F|  |TAMS 0x000000009d700000, 0x000000009d700000| Untracked 
| 472|0x000000009d800000, 0x000000009d800000, 0x000000009d900000|  0%| F|  |TAMS 0x000000009d800000, 0x000000009d800000| Untracked 
| 473|0x000000009d900000, 0x000000009d900000, 0x000000009da00000|  0%| F|  |TAMS 0x000000009d900000, 0x000000009d900000| Untracked 
| 474|0x000000009da00000, 0x000000009da00000, 0x000000009db00000|  0%| F|  |TAMS 0x000000009da00000, 0x000000009da00000| Untracked 
| 475|0x000000009db00000, 0x000000009db00000, 0x000000009dc00000|  0%| F|  |TAMS 0x000000009db00000, 0x000000009db00000| Untracked 
| 476|0x000000009dc00000, 0x000000009dc00000, 0x000000009dd00000|  0%| F|  |TAMS 0x000000009dc00000, 0x000000009dc00000| Untracked 
| 477|0x000000009dd00000, 0x000000009dd00000, 0x000000009de00000|  0%| F|  |TAMS 0x000000009dd00000, 0x000000009dd00000| Untracked 
| 478|0x000000009de00000, 0x000000009de00000, 0x000000009df00000|  0%| F|  |TAMS 0x000000009de00000, 0x000000009de00000| Untracked 
| 479|0x000000009df00000, 0x000000009df00000, 0x000000009e000000|  0%| F|  |TAMS 0x000000009df00000, 0x000000009df00000| Untracked 
| 480|0x000000009e000000, 0x000000009e000000, 0x000000009e100000|  0%| F|  |TAMS 0x000000009e000000, 0x000000009e000000| Untracked 
| 481|0x000000009e100000, 0x000000009e100000, 0x000000009e200000|  0%| F|  |TAMS 0x000000009e100000, 0x000000009e100000| Untracked 
| 482|0x000000009e200000, 0x000000009e200000, 0x000000009e300000|  0%| F|  |TAMS 0x000000009e200000, 0x000000009e200000| Untracked 
| 483|0x000000009e300000, 0x000000009e300000, 0x000000009e400000|  0%| F|  |TAMS 0x000000009e300000, 0x000000009e300000| Untracked 
| 484|0x000000009e400000, 0x000000009e400000, 0x000000009e500000|  0%| F|  |TAMS 0x000000009e400000, 0x000000009e400000| Untracked 
| 485|0x000000009e500000, 0x000000009e500000, 0x000000009e600000|  0%| F|  |TAMS 0x000000009e500000, 0x000000009e500000| Untracked 
| 486|0x000000009e600000, 0x000000009e600000, 0x000000009e700000|  0%| F|  |TAMS 0x000000009e600000, 0x000000009e600000| Untracked 
| 487|0x000000009e700000, 0x000000009e700000, 0x000000009e800000|  0%| F|  |TAMS 0x000000009e700000, 0x000000009e700000| Untracked 
| 488|0x000000009e800000, 0x000000009e800000, 0x000000009e900000|  0%| F|  |TAMS 0x000000009e800000, 0x000000009e800000| Untracked 
| 489|0x000000009e900000, 0x000000009e900000, 0x000000009ea00000|  0%| F|  |TAMS 0x000000009e900000, 0x000000009e900000| Untracked 
| 490|0x000000009ea00000, 0x000000009ea00000, 0x000000009eb00000|  0%| F|  |TAMS 0x000000009ea00000, 0x000000009ea00000| Untracked 
| 491|0x000000009eb00000, 0x000000009eb00000, 0x000000009ec00000|  0%| F|  |TAMS 0x000000009eb00000, 0x000000009eb00000| Untracked 
| 492|0x000000009ec00000, 0x000000009ec00000, 0x000000009ed00000|  0%| F|  |TAMS 0x000000009ec00000, 0x000000009ec00000| Untracked 
| 493|0x000000009ed00000, 0x000000009ed00000, 0x000000009ee00000|  0%| F|  |TAMS 0x000000009ed00000, 0x000000009ed00000| Untracked 
| 494|0x000000009ee00000, 0x000000009ee00000, 0x000000009ef00000|  0%| F|  |TAMS 0x000000009ee00000, 0x000000009ee00000| Untracked 
| 495|0x000000009ef00000, 0x000000009ef00000, 0x000000009f000000|  0%| F|  |TAMS 0x000000009ef00000, 0x000000009ef00000| Untracked 
| 496|0x000000009f000000, 0x000000009f000000, 0x000000009f100000|  0%| F|  |TAMS 0x000000009f000000, 0x000000009f000000| Untracked 
| 497|0x000000009f100000, 0x000000009f100000, 0x000000009f200000|  0%| F|  |TAMS 0x000000009f100000, 0x000000009f100000| Untracked 
| 498|0x000000009f200000, 0x000000009f200000, 0x000000009f300000|  0%| F|  |TAMS 0x000000009f200000, 0x000000009f200000| Untracked 
| 499|0x000000009f300000, 0x000000009f300000, 0x000000009f400000|  0%| F|  |TAMS 0x000000009f300000, 0x000000009f300000| Untracked 
| 500|0x000000009f400000, 0x000000009f400000, 0x000000009f500000|  0%| F|  |TAMS 0x000000009f400000, 0x000000009f400000| Untracked 
| 501|0x000000009f500000, 0x000000009f500000, 0x000000009f600000|  0%| F|  |TAMS 0x000000009f500000, 0x000000009f500000| Untracked 
| 502|0x000000009f600000, 0x000000009f600000, 0x000000009f700000|  0%| F|  |TAMS 0x000000009f600000, 0x000000009f600000| Untracked 
| 503|0x000000009f700000, 0x000000009f700000, 0x000000009f800000|  0%| F|  |TAMS 0x000000009f700000, 0x000000009f700000| Untracked 
| 504|0x000000009f800000, 0x000000009f800000, 0x000000009f900000|  0%| F|  |TAMS 0x000000009f800000, 0x000000009f800000| Untracked 
| 505|0x000000009f900000, 0x000000009f900000, 0x000000009fa00000|  0%| F|  |TAMS 0x000000009f900000, 0x000000009f900000| Untracked 
| 506|0x000000009fa00000, 0x000000009fa00000, 0x000000009fb00000|  0%| F|  |TAMS 0x000000009fa00000, 0x000000009fa00000| Untracked 
| 507|0x000000009fb00000, 0x000000009fb00000, 0x000000009fc00000|  0%| F|  |TAMS 0x000000009fb00000, 0x000000009fb00000| Untracked 
| 508|0x000000009fc00000, 0x000000009fc00000, 0x000000009fd00000|  0%| F|  |TAMS 0x000000009fc00000, 0x000000009fc00000| Untracked 
| 509|0x000000009fd00000, 0x000000009fd00000, 0x000000009fe00000|  0%| F|  |TAMS 0x000000009fd00000, 0x000000009fd00000| Untracked 
| 510|0x000000009fe00000, 0x000000009fe00000, 0x000000009ff00000|  0%| F|  |TAMS 0x000000009fe00000, 0x000000009fe00000| Untracked 
| 511|0x000000009ff00000, 0x000000009ff9c250, 0x00000000a0000000| 60%| E|  |TAMS 0x000000009ff00000, 0x000000009ff00000| Complete 
| 512|0x00000000a0000000, 0x00000000a0100000, 0x00000000a0100000|100%| E|CS|TAMS 0x00000000a0000000, 0x00000000a0000000| Complete 
| 513|0x00000000a0100000, 0x00000000a0200000, 0x00000000a0200000|100%| E|CS|TAMS 0x00000000a0100000, 0x00000000a0100000| Complete 
| 514|0x00000000a0200000, 0x00000000a0300000, 0x00000000a0300000|100%| E|CS|TAMS 0x00000000a0200000, 0x00000000a0200000| Complete 
| 515|0x00000000a0300000, 0x00000000a0400000, 0x00000000a0400000|100%| E|CS|TAMS 0x00000000a0300000, 0x00000000a0300000| Complete 
| 516|0x00000000a0400000, 0x00000000a0500000, 0x00000000a0500000|100%| E|CS|TAMS 0x00000000a0400000, 0x00000000a0400000| Complete 
| 517|0x00000000a0500000, 0x00000000a0600000, 0x00000000a0600000|100%| E|CS|TAMS 0x00000000a0500000, 0x00000000a0500000| Complete 
| 518|0x00000000a0600000, 0x00000000a0700000, 0x00000000a0700000|100%| E|CS|TAMS 0x00000000a0600000, 0x00000000a0600000| Complete 
| 519|0x00000000a0700000, 0x00000000a0800000, 0x00000000a0800000|100%| E|CS|TAMS 0x00000000a0700000, 0x00000000a0700000| Complete 
| 520|0x00000000a0800000, 0x00000000a0900000, 0x00000000a0900000|100%| E|CS|TAMS 0x00000000a0800000, 0x00000000a0800000| Complete 
| 521|0x00000000a0900000, 0x00000000a0a00000, 0x00000000a0a00000|100%| E|CS|TAMS 0x00000000a0900000, 0x00000000a0900000| Complete 
| 522|0x00000000a0a00000, 0x00000000a0b00000, 0x00000000a0b00000|100%| E|CS|TAMS 0x00000000a0a00000, 0x00000000a0a00000| Complete 
| 523|0x00000000a0b00000, 0x00000000a0c00000, 0x00000000a0c00000|100%| E|CS|TAMS 0x00000000a0b00000, 0x00000000a0b00000| Complete 
| 524|0x00000000a0c00000, 0x00000000a0d00000, 0x00000000a0d00000|100%| E|CS|TAMS 0x00000000a0c00000, 0x00000000a0c00000| Complete 
| 525|0x00000000a0d00000, 0x00000000a0e00000, 0x00000000a0e00000|100%| E|CS|TAMS 0x00000000a0d00000, 0x00000000a0d00000| Complete 
| 526|0x00000000a0e00000, 0x00000000a0f00000, 0x00000000a0f00000|100%| E|CS|TAMS 0x00000000a0e00000, 0x00000000a0e00000| Complete 
| 527|0x00000000a0f00000, 0x00000000a1000000, 0x00000000a1000000|100%| E|CS|TAMS 0x00000000a0f00000, 0x00000000a0f00000| Complete 
| 528|0x00000000a1000000, 0x00000000a1100000, 0x00000000a1100000|100%| E|CS|TAMS 0x00000000a1000000, 0x00000000a1000000| Complete 
| 529|0x00000000a1100000, 0x00000000a1200000, 0x00000000a1200000|100%| E|CS|TAMS 0x00000000a1100000, 0x00000000a1100000| Complete 
| 530|0x00000000a1200000, 0x00000000a1300000, 0x00000000a1300000|100%| E|CS|TAMS 0x00000000a1200000, 0x00000000a1200000| Complete 
| 531|0x00000000a1300000, 0x00000000a1400000, 0x00000000a1400000|100%| E|CS|TAMS 0x00000000a1300000, 0x00000000a1300000| Complete 
| 532|0x00000000a1400000, 0x00000000a1500000, 0x00000000a1500000|100%| E|CS|TAMS 0x00000000a1400000, 0x00000000a1400000| Complete 
| 533|0x00000000a1500000, 0x00000000a1600000, 0x00000000a1600000|100%| E|CS|TAMS 0x00000000a1500000, 0x00000000a1500000| Complete 
| 534|0x00000000a1600000, 0x00000000a1700000, 0x00000000a1700000|100%| E|CS|TAMS 0x00000000a1600000, 0x00000000a1600000| Complete 
| 535|0x00000000a1700000, 0x00000000a1800000, 0x00000000a1800000|100%| E|CS|TAMS 0x00000000a1700000, 0x00000000a1700000| Complete 
| 536|0x00000000a1800000, 0x00000000a1900000, 0x00000000a1900000|100%| E|CS|TAMS 0x00000000a1800000, 0x00000000a1800000| Complete 
| 537|0x00000000a1900000, 0x00000000a1a00000, 0x00000000a1a00000|100%| E|CS|TAMS 0x00000000a1900000, 0x00000000a1900000| Complete 
| 538|0x00000000a1a00000, 0x00000000a1b00000, 0x00000000a1b00000|100%| E|CS|TAMS 0x00000000a1a00000, 0x00000000a1a00000| Complete 
| 539|0x00000000a1b00000, 0x00000000a1c00000, 0x00000000a1c00000|100%| E|CS|TAMS 0x00000000a1b00000, 0x00000000a1b00000| Complete 
| 540|0x00000000a1c00000, 0x00000000a1d00000, 0x00000000a1d00000|100%| E|CS|TAMS 0x00000000a1c00000, 0x00000000a1c00000| Complete 
| 541|0x00000000a1d00000, 0x00000000a1e00000, 0x00000000a1e00000|100%| E|CS|TAMS 0x00000000a1d00000, 0x00000000a1d00000| Complete 
| 542|0x00000000a1e00000, 0x00000000a1f00000, 0x00000000a1f00000|100%| E|CS|TAMS 0x00000000a1e00000, 0x00000000a1e00000| Complete 
| 543|0x00000000a1f00000, 0x00000000a2000000, 0x00000000a2000000|100%| E|CS|TAMS 0x00000000a1f00000, 0x00000000a1f00000| Complete 
| 544|0x00000000a2000000, 0x00000000a2100000, 0x00000000a2100000|100%| E|CS|TAMS 0x00000000a2000000, 0x00000000a2000000| Complete 
| 545|0x00000000a2100000, 0x00000000a2200000, 0x00000000a2200000|100%| E|CS|TAMS 0x00000000a2100000, 0x00000000a2100000| Complete 
| 546|0x00000000a2200000, 0x00000000a2300000, 0x00000000a2300000|100%| E|CS|TAMS 0x00000000a2200000, 0x00000000a2200000| Complete 
| 547|0x00000000a2300000, 0x00000000a2400000, 0x00000000a2400000|100%| E|CS|TAMS 0x00000000a2300000, 0x00000000a2300000| Complete 
| 548|0x00000000a2400000, 0x00000000a2500000, 0x00000000a2500000|100%| E|CS|TAMS 0x00000000a2400000, 0x00000000a2400000| Complete 
| 549|0x00000000a2500000, 0x00000000a2600000, 0x00000000a2600000|100%| E|CS|TAMS 0x00000000a2500000, 0x00000000a2500000| Complete 
| 550|0x00000000a2600000, 0x00000000a2700000, 0x00000000a2700000|100%| E|CS|TAMS 0x00000000a2600000, 0x00000000a2600000| Complete 
| 551|0x00000000a2700000, 0x00000000a2800000, 0x00000000a2800000|100%| E|CS|TAMS 0x00000000a2700000, 0x00000000a2700000| Complete 
| 552|0x00000000a2800000, 0x00000000a2900000, 0x00000000a2900000|100%| E|CS|TAMS 0x00000000a2800000, 0x00000000a2800000| Complete 
| 553|0x00000000a2900000, 0x00000000a2a00000, 0x00000000a2a00000|100%| E|CS|TAMS 0x00000000a2900000, 0x00000000a2900000| Complete 
| 554|0x00000000a2a00000, 0x00000000a2b00000, 0x00000000a2b00000|100%| E|CS|TAMS 0x00000000a2a00000, 0x00000000a2a00000| Complete 
| 555|0x00000000a2b00000, 0x00000000a2c00000, 0x00000000a2c00000|100%| E|CS|TAMS 0x00000000a2b00000, 0x00000000a2b00000| Complete 
| 556|0x00000000a2c00000, 0x00000000a2d00000, 0x00000000a2d00000|100%| E|CS|TAMS 0x00000000a2c00000, 0x00000000a2c00000| Complete 
| 557|0x00000000a2d00000, 0x00000000a2e00000, 0x00000000a2e00000|100%| E|CS|TAMS 0x00000000a2d00000, 0x00000000a2d00000| Complete 
| 558|0x00000000a2e00000, 0x00000000a2f00000, 0x00000000a2f00000|100%| E|CS|TAMS 0x00000000a2e00000, 0x00000000a2e00000| Complete 
| 559|0x00000000a2f00000, 0x00000000a3000000, 0x00000000a3000000|100%| E|CS|TAMS 0x00000000a2f00000, 0x00000000a2f00000| Complete 
| 560|0x00000000a3000000, 0x00000000a3100000, 0x00000000a3100000|100%| E|CS|TAMS 0x00000000a3000000, 0x00000000a3000000| Complete 
| 561|0x00000000a3100000, 0x00000000a3200000, 0x00000000a3200000|100%| E|CS|TAMS 0x00000000a3100000, 0x00000000a3100000| Complete 
| 562|0x00000000a3200000, 0x00000000a3300000, 0x00000000a3300000|100%| E|CS|TAMS 0x00000000a3200000, 0x00000000a3200000| Complete 
| 563|0x00000000a3300000, 0x00000000a3400000, 0x00000000a3400000|100%| E|CS|TAMS 0x00000000a3300000, 0x00000000a3300000| Complete 
| 564|0x00000000a3400000, 0x00000000a3500000, 0x00000000a3500000|100%| E|CS|TAMS 0x00000000a3400000, 0x00000000a3400000| Complete 
| 565|0x00000000a3500000, 0x00000000a3600000, 0x00000000a3600000|100%| E|CS|TAMS 0x00000000a3500000, 0x00000000a3500000| Complete 
| 566|0x00000000a3600000, 0x00000000a3700000, 0x00000000a3700000|100%| E|CS|TAMS 0x00000000a3600000, 0x00000000a3600000| Complete 
| 567|0x00000000a3700000, 0x00000000a3800000, 0x00000000a3800000|100%| E|CS|TAMS 0x00000000a3700000, 0x00000000a3700000| Complete 
| 568|0x00000000a3800000, 0x00000000a3900000, 0x00000000a3900000|100%| E|CS|TAMS 0x00000000a3800000, 0x00000000a3800000| Complete 
| 569|0x00000000a3900000, 0x00000000a3a00000, 0x00000000a3a00000|100%| E|CS|TAMS 0x00000000a3900000, 0x00000000a3900000| Complete 
| 570|0x00000000a3a00000, 0x00000000a3b00000, 0x00000000a3b00000|100%| E|CS|TAMS 0x00000000a3a00000, 0x00000000a3a00000| Complete 
| 571|0x00000000a3b00000, 0x00000000a3c00000, 0x00000000a3c00000|100%| E|CS|TAMS 0x00000000a3b00000, 0x00000000a3b00000| Complete 
| 572|0x00000000a3c00000, 0x00000000a3d00000, 0x00000000a3d00000|100%| E|CS|TAMS 0x00000000a3c00000, 0x00000000a3c00000| Complete 
| 573|0x00000000a3d00000, 0x00000000a3e00000, 0x00000000a3e00000|100%| E|CS|TAMS 0x00000000a3d00000, 0x00000000a3d00000| Complete 
| 574|0x00000000a3e00000, 0x00000000a3f00000, 0x00000000a3f00000|100%| E|CS|TAMS 0x00000000a3e00000, 0x00000000a3e00000| Complete 
| 575|0x00000000a3f00000, 0x00000000a4000000, 0x00000000a4000000|100%| E|CS|TAMS 0x00000000a3f00000, 0x00000000a3f00000| Complete 
| 576|0x00000000a4000000, 0x00000000a4100000, 0x00000000a4100000|100%| E|CS|TAMS 0x00000000a4000000, 0x00000000a4000000| Complete 
| 577|0x00000000a4100000, 0x00000000a4200000, 0x00000000a4200000|100%| E|CS|TAMS 0x00000000a4100000, 0x00000000a4100000| Complete 
| 578|0x00000000a4200000, 0x00000000a4300000, 0x00000000a4300000|100%| E|CS|TAMS 0x00000000a4200000, 0x00000000a4200000| Complete 
| 579|0x00000000a4300000, 0x00000000a4400000, 0x00000000a4400000|100%| E|CS|TAMS 0x00000000a4300000, 0x00000000a4300000| Complete 
| 580|0x00000000a4400000, 0x00000000a4500000, 0x00000000a4500000|100%| E|CS|TAMS 0x00000000a4400000, 0x00000000a4400000| Complete 
| 581|0x00000000a4500000, 0x00000000a4600000, 0x00000000a4600000|100%| E|CS|TAMS 0x00000000a4500000, 0x00000000a4500000| Complete 
| 582|0x00000000a4600000, 0x00000000a4700000, 0x00000000a4700000|100%| E|CS|TAMS 0x00000000a4600000, 0x00000000a4600000| Complete 
| 583|0x00000000a4700000, 0x00000000a4800000, 0x00000000a4800000|100%| E|CS|TAMS 0x00000000a4700000, 0x00000000a4700000| Complete 
| 584|0x00000000a4800000, 0x00000000a4900000, 0x00000000a4900000|100%| E|CS|TAMS 0x00000000a4800000, 0x00000000a4800000| Complete 
| 585|0x00000000a4900000, 0x00000000a4a00000, 0x00000000a4a00000|100%| E|CS|TAMS 0x00000000a4900000, 0x00000000a4900000| Complete 
| 586|0x00000000a4a00000, 0x00000000a4b00000, 0x00000000a4b00000|100%| E|CS|TAMS 0x00000000a4a00000, 0x00000000a4a00000| Complete 
| 587|0x00000000a4b00000, 0x00000000a4c00000, 0x00000000a4c00000|100%| E|CS|TAMS 0x00000000a4b00000, 0x00000000a4b00000| Complete 
| 588|0x00000000a4c00000, 0x00000000a4d00000, 0x00000000a4d00000|100%| E|CS|TAMS 0x00000000a4c00000, 0x00000000a4c00000| Complete 
| 589|0x00000000a4d00000, 0x00000000a4e00000, 0x00000000a4e00000|100%| E|CS|TAMS 0x00000000a4d00000, 0x00000000a4d00000| Complete 
| 590|0x00000000a4e00000, 0x00000000a4f00000, 0x00000000a4f00000|100%| E|CS|TAMS 0x00000000a4e00000, 0x00000000a4e00000| Complete 
| 591|0x00000000a4f00000, 0x00000000a5000000, 0x00000000a5000000|100%| E|CS|TAMS 0x00000000a4f00000, 0x00000000a4f00000| Complete 
| 592|0x00000000a5000000, 0x00000000a5100000, 0x00000000a5100000|100%| E|CS|TAMS 0x00000000a5000000, 0x00000000a5000000| Complete 
| 593|0x00000000a5100000, 0x00000000a5200000, 0x00000000a5200000|100%| E|CS|TAMS 0x00000000a5100000, 0x00000000a5100000| Complete 
| 594|0x00000000a5200000, 0x00000000a5300000, 0x00000000a5300000|100%| E|CS|TAMS 0x00000000a5200000, 0x00000000a5200000| Complete 
| 595|0x00000000a5300000, 0x00000000a5400000, 0x00000000a5400000|100%| E|CS|TAMS 0x00000000a5300000, 0x00000000a5300000| Complete 
| 596|0x00000000a5400000, 0x00000000a5500000, 0x00000000a5500000|100%| E|  |TAMS 0x00000000a5400000, 0x00000000a5400000| Complete 
| 597|0x00000000a5500000, 0x00000000a5600000, 0x00000000a5600000|100%| E|CS|TAMS 0x00000000a5500000, 0x00000000a5500000| Complete 
| 598|0x00000000a5600000, 0x00000000a5700000, 0x00000000a5700000|100%| E|CS|TAMS 0x00000000a5600000, 0x00000000a5600000| Complete 
| 599|0x00000000a5700000, 0x00000000a5800000, 0x00000000a5800000|100%| E|CS|TAMS 0x00000000a5700000, 0x00000000a5700000| Complete 
| 600|0x00000000a5800000, 0x00000000a5900000, 0x00000000a5900000|100%| E|CS|TAMS 0x00000000a5800000, 0x00000000a5800000| Complete 
| 601|0x00000000a5900000, 0x00000000a5a00000, 0x00000000a5a00000|100%| E|CS|TAMS 0x00000000a5900000, 0x00000000a5900000| Complete 
| 602|0x00000000a5a00000, 0x00000000a5b00000, 0x00000000a5b00000|100%| E|CS|TAMS 0x00000000a5a00000, 0x00000000a5a00000| Complete 
| 603|0x00000000a5b00000, 0x00000000a5c00000, 0x00000000a5c00000|100%| E|CS|TAMS 0x00000000a5b00000, 0x00000000a5b00000| Complete 
| 604|0x00000000a5c00000, 0x00000000a5d00000, 0x00000000a5d00000|100%| E|CS|TAMS 0x00000000a5c00000, 0x00000000a5c00000| Complete 
| 605|0x00000000a5d00000, 0x00000000a5e00000, 0x00000000a5e00000|100%| E|CS|TAMS 0x00000000a5d00000, 0x00000000a5d00000| Complete 
| 606|0x00000000a5e00000, 0x00000000a5f00000, 0x00000000a5f00000|100%| E|CS|TAMS 0x00000000a5e00000, 0x00000000a5e00000| Complete 
| 607|0x00000000a5f00000, 0x00000000a6000000, 0x00000000a6000000|100%| E|CS|TAMS 0x00000000a5f00000, 0x00000000a5f00000| Complete 
| 608|0x00000000a6000000, 0x00000000a6100000, 0x00000000a6100000|100%| E|CS|TAMS 0x00000000a6000000, 0x00000000a6000000| Complete 
| 609|0x00000000a6100000, 0x00000000a6200000, 0x00000000a6200000|100%| E|CS|TAMS 0x00000000a6100000, 0x00000000a6100000| Complete 
| 610|0x00000000a6200000, 0x00000000a6300000, 0x00000000a6300000|100%| E|CS|TAMS 0x00000000a6200000, 0x00000000a6200000| Complete 
| 611|0x00000000a6300000, 0x00000000a6400000, 0x00000000a6400000|100%| E|CS|TAMS 0x00000000a6300000, 0x00000000a6300000| Complete 
| 612|0x00000000a6400000, 0x00000000a6500000, 0x00000000a6500000|100%| E|CS|TAMS 0x00000000a6400000, 0x00000000a6400000| Complete 
| 613|0x00000000a6500000, 0x00000000a6600000, 0x00000000a6600000|100%| E|CS|TAMS 0x00000000a6500000, 0x00000000a6500000| Complete 
| 614|0x00000000a6600000, 0x00000000a6700000, 0x00000000a6700000|100%| E|CS|TAMS 0x00000000a6600000, 0x00000000a6600000| Complete 
| 615|0x00000000a6700000, 0x00000000a6800000, 0x00000000a6800000|100%| E|CS|TAMS 0x00000000a6700000, 0x00000000a6700000| Complete 
| 616|0x00000000a6800000, 0x00000000a6900000, 0x00000000a6900000|100%| E|CS|TAMS 0x00000000a6800000, 0x00000000a6800000| Complete 
| 617|0x00000000a6900000, 0x00000000a6a00000, 0x00000000a6a00000|100%| E|CS|TAMS 0x00000000a6900000, 0x00000000a6900000| Complete 
| 618|0x00000000a6a00000, 0x00000000a6b00000, 0x00000000a6b00000|100%| E|CS|TAMS 0x00000000a6a00000, 0x00000000a6a00000| Complete 
| 619|0x00000000a6b00000, 0x00000000a6c00000, 0x00000000a6c00000|100%| E|CS|TAMS 0x00000000a6b00000, 0x00000000a6b00000| Complete 
| 620|0x00000000a6c00000, 0x00000000a6d00000, 0x00000000a6d00000|100%| E|CS|TAMS 0x00000000a6c00000, 0x00000000a6c00000| Complete 
| 621|0x00000000a6d00000, 0x00000000a6e00000, 0x00000000a6e00000|100%| E|CS|TAMS 0x00000000a6d00000, 0x00000000a6d00000| Complete 
| 622|0x00000000a6e00000, 0x00000000a6f00000, 0x00000000a6f00000|100%| E|CS|TAMS 0x00000000a6e00000, 0x00000000a6e00000| Complete 
| 623|0x00000000a6f00000, 0x00000000a7000000, 0x00000000a7000000|100%| E|CS|TAMS 0x00000000a6f00000, 0x00000000a6f00000| Complete 
| 624|0x00000000a7000000, 0x00000000a7100000, 0x00000000a7100000|100%| E|CS|TAMS 0x00000000a7000000, 0x00000000a7000000| Complete 
| 625|0x00000000a7100000, 0x00000000a7200000, 0x00000000a7200000|100%| E|CS|TAMS 0x00000000a7100000, 0x00000000a7100000| Complete 
| 626|0x00000000a7200000, 0x00000000a7300000, 0x00000000a7300000|100%| E|CS|TAMS 0x00000000a7200000, 0x00000000a7200000| Complete 
| 627|0x00000000a7300000, 0x00000000a7400000, 0x00000000a7400000|100%| E|CS|TAMS 0x00000000a7300000, 0x00000000a7300000| Complete 
| 628|0x00000000a7400000, 0x00000000a7500000, 0x00000000a7500000|100%| E|CS|TAMS 0x00000000a7400000, 0x00000000a7400000| Complete 
| 629|0x00000000a7500000, 0x00000000a7600000, 0x00000000a7600000|100%| E|CS|TAMS 0x00000000a7500000, 0x00000000a7500000| Complete 
| 630|0x00000000a7600000, 0x00000000a7700000, 0x00000000a7700000|100%| E|CS|TAMS 0x00000000a7600000, 0x00000000a7600000| Complete 
| 631|0x00000000a7700000, 0x00000000a7800000, 0x00000000a7800000|100%| E|CS|TAMS 0x00000000a7700000, 0x00000000a7700000| Complete 
| 632|0x00000000a7800000, 0x00000000a7900000, 0x00000000a7900000|100%| E|CS|TAMS 0x00000000a7800000, 0x00000000a7800000| Complete 
| 633|0x00000000a7900000, 0x00000000a7a00000, 0x00000000a7a00000|100%| E|CS|TAMS 0x00000000a7900000, 0x00000000a7900000| Complete 
| 634|0x00000000a7a00000, 0x00000000a7b00000, 0x00000000a7b00000|100%| E|CS|TAMS 0x00000000a7a00000, 0x00000000a7a00000| Complete 
| 635|0x00000000a7b00000, 0x00000000a7c00000, 0x00000000a7c00000|100%| E|CS|TAMS 0x00000000a7b00000, 0x00000000a7b00000| Complete 
| 636|0x00000000a7c00000, 0x00000000a7d00000, 0x00000000a7d00000|100%| E|CS|TAMS 0x00000000a7c00000, 0x00000000a7c00000| Complete 
| 637|0x00000000a7d00000, 0x00000000a7e00000, 0x00000000a7e00000|100%| E|CS|TAMS 0x00000000a7d00000, 0x00000000a7d00000| Complete 
| 638|0x00000000a7e00000, 0x00000000a7f00000, 0x00000000a7f00000|100%| E|CS|TAMS 0x00000000a7e00000, 0x00000000a7e00000| Complete 
| 639|0x00000000a7f00000, 0x00000000a8000000, 0x00000000a8000000|100%| E|CS|TAMS 0x00000000a7f00000, 0x00000000a7f00000| Complete 
| 640|0x00000000a8000000, 0x00000000a8100000, 0x00000000a8100000|100%| E|CS|TAMS 0x00000000a8000000, 0x00000000a8000000| Complete 
| 641|0x00000000a8100000, 0x00000000a8200000, 0x00000000a8200000|100%| E|CS|TAMS 0x00000000a8100000, 0x00000000a8100000| Complete 
| 642|0x00000000a8200000, 0x00000000a8300000, 0x00000000a8300000|100%| E|CS|TAMS 0x00000000a8200000, 0x00000000a8200000| Complete 
| 643|0x00000000a8300000, 0x00000000a8400000, 0x00000000a8400000|100%| E|CS|TAMS 0x00000000a8300000, 0x00000000a8300000| Complete 
| 644|0x00000000a8400000, 0x00000000a8500000, 0x00000000a8500000|100%| E|CS|TAMS 0x00000000a8400000, 0x00000000a8400000| Complete 
| 645|0x00000000a8500000, 0x00000000a8600000, 0x00000000a8600000|100%| E|CS|TAMS 0x00000000a8500000, 0x00000000a8500000| Complete 
| 646|0x00000000a8600000, 0x00000000a8700000, 0x00000000a8700000|100%| E|CS|TAMS 0x00000000a8600000, 0x00000000a8600000| Complete 
| 647|0x00000000a8700000, 0x00000000a8800000, 0x00000000a8800000|100%| E|CS|TAMS 0x00000000a8700000, 0x00000000a8700000| Complete 
| 648|0x00000000a8800000, 0x00000000a8900000, 0x00000000a8900000|100%| E|CS|TAMS 0x00000000a8800000, 0x00000000a8800000| Complete 
| 649|0x00000000a8900000, 0x00000000a8a00000, 0x00000000a8a00000|100%| E|CS|TAMS 0x00000000a8900000, 0x00000000a8900000| Complete 
| 650|0x00000000a8a00000, 0x00000000a8b00000, 0x00000000a8b00000|100%| E|CS|TAMS 0x00000000a8a00000, 0x00000000a8a00000| Complete 
| 651|0x00000000a8b00000, 0x00000000a8c00000, 0x00000000a8c00000|100%| E|CS|TAMS 0x00000000a8b00000, 0x00000000a8b00000| Complete 
| 652|0x00000000a8c00000, 0x00000000a8d00000, 0x00000000a8d00000|100%| E|CS|TAMS 0x00000000a8c00000, 0x00000000a8c00000| Complete 
| 653|0x00000000a8d00000, 0x00000000a8e00000, 0x00000000a8e00000|100%| E|CS|TAMS 0x00000000a8d00000, 0x00000000a8d00000| Complete 
| 654|0x00000000a8e00000, 0x00000000a8f00000, 0x00000000a8f00000|100%| E|CS|TAMS 0x00000000a8e00000, 0x00000000a8e00000| Complete 
| 655|0x00000000a8f00000, 0x00000000a9000000, 0x00000000a9000000|100%| E|CS|TAMS 0x00000000a8f00000, 0x00000000a8f00000| Complete 
| 656|0x00000000a9000000, 0x00000000a9100000, 0x00000000a9100000|100%| E|CS|TAMS 0x00000000a9000000, 0x00000000a9000000| Complete 
| 657|0x00000000a9100000, 0x00000000a9200000, 0x00000000a9200000|100%| E|CS|TAMS 0x00000000a9100000, 0x00000000a9100000| Complete 
| 658|0x00000000a9200000, 0x00000000a9300000, 0x00000000a9300000|100%| E|CS|TAMS 0x00000000a9200000, 0x00000000a9200000| Complete 
| 659|0x00000000a9300000, 0x00000000a9400000, 0x00000000a9400000|100%| E|CS|TAMS 0x00000000a9300000, 0x00000000a9300000| Complete 
| 660|0x00000000a9400000, 0x00000000a9500000, 0x00000000a9500000|100%| E|CS|TAMS 0x00000000a9400000, 0x00000000a9400000| Complete 
| 661|0x00000000a9500000, 0x00000000a9600000, 0x00000000a9600000|100%| E|CS|TAMS 0x00000000a9500000, 0x00000000a9500000| Complete 
| 662|0x00000000a9600000, 0x00000000a9700000, 0x00000000a9700000|100%| E|CS|TAMS 0x00000000a9600000, 0x00000000a9600000| Complete 
| 663|0x00000000a9700000, 0x00000000a9800000, 0x00000000a9800000|100%| E|CS|TAMS 0x00000000a9700000, 0x00000000a9700000| Complete 
| 664|0x00000000a9800000, 0x00000000a9900000, 0x00000000a9900000|100%| E|CS|TAMS 0x00000000a9800000, 0x00000000a9800000| Complete 
| 665|0x00000000a9900000, 0x00000000a9a00000, 0x00000000a9a00000|100%| E|CS|TAMS 0x00000000a9900000, 0x00000000a9900000| Complete 
| 666|0x00000000a9a00000, 0x00000000a9b00000, 0x00000000a9b00000|100%| E|CS|TAMS 0x00000000a9a00000, 0x00000000a9a00000| Complete 
| 667|0x00000000a9b00000, 0x00000000a9c00000, 0x00000000a9c00000|100%| E|CS|TAMS 0x00000000a9b00000, 0x00000000a9b00000| Complete 
| 668|0x00000000a9c00000, 0x00000000a9d00000, 0x00000000a9d00000|100%| E|CS|TAMS 0x00000000a9c00000, 0x00000000a9c00000| Complete 
| 669|0x00000000a9d00000, 0x00000000a9e00000, 0x00000000a9e00000|100%| E|CS|TAMS 0x00000000a9d00000, 0x00000000a9d00000| Complete 
| 670|0x00000000a9e00000, 0x00000000a9f00000, 0x00000000a9f00000|100%| E|CS|TAMS 0x00000000a9e00000, 0x00000000a9e00000| Complete 
| 671|0x00000000a9f00000, 0x00000000aa000000, 0x00000000aa000000|100%| E|CS|TAMS 0x00000000a9f00000, 0x00000000a9f00000| Complete 
| 672|0x00000000aa000000, 0x00000000aa100000, 0x00000000aa100000|100%| E|CS|TAMS 0x00000000aa000000, 0x00000000aa000000| Complete 
| 673|0x00000000aa100000, 0x00000000aa200000, 0x00000000aa200000|100%| E|CS|TAMS 0x00000000aa100000, 0x00000000aa100000| Complete 
| 674|0x00000000aa200000, 0x00000000aa300000, 0x00000000aa300000|100%| E|CS|TAMS 0x00000000aa200000, 0x00000000aa200000| Complete 
| 675|0x00000000aa300000, 0x00000000aa400000, 0x00000000aa400000|100%| E|CS|TAMS 0x00000000aa300000, 0x00000000aa300000| Complete 
| 676|0x00000000aa400000, 0x00000000aa4738c0, 0x00000000aa500000| 45%| S|CS|TAMS 0x00000000aa400000, 0x00000000aa400000| Complete 
| 677|0x00000000aa500000, 0x00000000aa600000, 0x00000000aa600000|100%| S|CS|TAMS 0x00000000aa500000, 0x00000000aa500000| Complete 
| 678|0x00000000aa600000, 0x00000000aa700000, 0x00000000aa700000|100%| S|CS|TAMS 0x00000000aa600000, 0x00000000aa600000| Complete 
| 679|0x00000000aa700000, 0x00000000aa800000, 0x00000000aa800000|100%| S|CS|TAMS 0x00000000aa700000, 0x00000000aa700000| Complete 
| 680|0x00000000aa800000, 0x00000000aa900000, 0x00000000aa900000|100%| E|CS|TAMS 0x00000000aa800000, 0x00000000aa800000| Complete 
| 681|0x00000000aa900000, 0x00000000aaa00000, 0x00000000aaa00000|100%| E|CS|TAMS 0x00000000aa900000, 0x00000000aa900000| Complete 
| 682|0x00000000aaa00000, 0x00000000aab00000, 0x00000000aab00000|100%| E|CS|TAMS 0x00000000aaa00000, 0x00000000aaa00000| Complete 
| 683|0x00000000aab00000, 0x00000000aac00000, 0x00000000aac00000|100%| E|CS|TAMS 0x00000000aab00000, 0x00000000aab00000| Complete 
| 684|0x00000000aac00000, 0x00000000aad00000, 0x00000000aad00000|100%| E|CS|TAMS 0x00000000aac00000, 0x00000000aac00000| Complete 
|2043|0x00000000ffb00000, 0x00000000ffc00000, 0x00000000ffc00000|100%| O|  |TAMS 0x00000000ffc00000, 0x00000000ffb00000| Untracked 
|2044|0x00000000ffc00000, 0x00000000ffd00000, 0x00000000ffd00000|100%| O|  |TAMS 0x00000000ffd00000, 0x00000000ffc00000| Untracked 
|2045|0x00000000ffd00000, 0x00000000ffe00000, 0x00000000ffe00000|100%| E|CS|TAMS 0x00000000ffd00000, 0x00000000ffd00000| Complete 
|2046|0x00000000ffe00000, 0x00000000fff00000, 0x00000000fff00000|100%| O|  |TAMS 0x00000000fff00000, 0x00000000ffe00000| Untracked 
|2047|0x00000000fff00000, 0x0000000100000000, 0x0000000100000000|100%| O|  |TAMS 0x0000000100000000, 0x00000000fff00000| Untracked 

Card table byte_map: [0x0000028dbdb50000,0x0000028dbdf50000] _byte_map_base: 0x0000028dbd750000

Marking Bits (Prev, Next): (CMBitMap*) 0x0000028daaf9b800, (CMBitMap*) 0x0000028daaf9b840
 Prev Bits: [0x0000028dbe350000, 0x0000028dc0350000)
 Next Bits: [0x0000028dc0350000, 0x0000028dc2350000)

Polling page: 0x0000028daa6f0000

Metaspace:

Usage:
  Non-class:    101.83 MB used.
      Class:     15.87 MB used.
       Both:    117.71 MB used.

Virtual space:
  Non-class space:      128.00 MB reserved,     102.25 MB ( 80%) committed,  2 nodes.
      Class space:        1.00 GB reserved,      16.31 MB (  2%) committed,  1 nodes.
             Both:        1.12 GB reserved,     118.56 MB ( 10%) committed. 

Chunk freelists:
   Non-Class:  9.69 MB
       Class:  15.69 MB
        Both:  25.38 MB

MaxMetaspaceSize: unlimited
CompressedClassSpaceSize: 1.00 GB
Initial GC threshold: 21.00 MB
Current GC threshold: 196.50 MB
CDS: off
MetaspaceReclaimPolicy: balanced
 - commit_granule_bytes: 65536.
 - commit_granule_words: 8192.
 - virtual_space_node_default_size: 8388608.
 - enlarge_chunks_in_place: 1.
 - new_chunks_are_fully_committed: 0.
 - uncommit_free_chunks: 1.
 - use_allocation_guard: 0.
 - handle_deallocations: 1.


Internal statistics:

num_allocs_failed_limit: 9.
num_arena_births: 1570.
num_arena_deaths: 0.
num_vsnodes_births: 3.
num_vsnodes_deaths: 0.
num_space_committed: 1895.
num_space_uncommitted: 0.
num_chunks_returned_to_freelist: 9.
num_chunks_taken_from_freelist: 6438.
num_chunk_merges: 9.
num_chunk_splits: 4160.
num_chunks_enlarged: 2627.
num_inconsistent_stats: 0.

CodeHeap 'non-profiled nmethods': size=120000Kb used=10695Kb max_used=10695Kb free=109304Kb
 bounds [0x0000028db5ee0000, 0x0000028db6960000, 0x0000028dbd410000]
CodeHeap 'profiled nmethods': size=120000Kb used=29351Kb max_used=29351Kb free=90648Kb
 bounds [0x0000028dae410000, 0x0000028db00c0000, 0x0000028db5940000]
CodeHeap 'non-nmethods': size=5760Kb used=1769Kb max_used=1830Kb free=3990Kb
 bounds [0x0000028db5940000, 0x0000028db5bb0000, 0x0000028db5ee0000]
 total_blobs=16053 nmethods=15199 adapters=766
 compilation: enabled
              stopped_count=0, restarted_count=0
 full_count=0

Compilation events (20 events):
Event: 28.152 Thread 0x0000028dc909beb0 18208       3       java.util.concurrent.ThreadPoolExecutor$Worker::lock (6 bytes)
Event: 28.152 Thread 0x0000028dc909beb0 nmethod 18208 0x0000028db00b2d90 code [0x0000028db00b2f20, 0x0000028db00b3068]
Event: 28.152 Thread 0x0000028dc909beb0 18209   !   3       org.gradle.internal.concurrent.AbstractManagedExecutor$1::run (57 bytes)
Event: 28.153 Thread 0x0000028dc909beb0 nmethod 18209 0x0000028db00b3110 code [0x0000028db00b3300, 0x0000028db00b3798]
Event: 28.154 Thread 0x0000028dc909beb0 18210       3       java.util.concurrent.ThreadPoolExecutor::beforeExecute (1 bytes)
Event: 28.154 Thread 0x0000028dc909beb0 nmethod 18210 0x0000028db00b3a90 code [0x0000028db00b3c20, 0x0000028db00b3d38]
Event: 28.158 Thread 0x0000028dc909b400 nmethod 18207 0x0000028db694bd90 code [0x0000028db694bf60, 0x0000028db694c7b8]
Event: 28.162 Thread 0x0000028dc909b400 18211       4       java.util.ArrayList::sort (45 bytes)
Event: 28.163 Thread 0x0000028dc909b400 nmethod 18211 0x0000028db694cc90 code [0x0000028db694ce20, 0x0000028db694cf08]
Event: 28.164 Thread 0x0000028dc909beb0 18212       3       com.google.common.collect.ObjectArrays::checkElementNotNull (33 bytes)
Event: 28.165 Thread 0x0000028dc909beb0 nmethod 18212 0x0000028db00b3e10 code [0x0000028db00b4040, 0x0000028db00b4678]
Event: 28.179 Thread 0x0000028dc909b400 18213       4       org.gradle.internal.snapshot.AbstractListChildMap::store (72 bytes)
Event: 28.189 Thread 0x0000028dc909beb0 18215       3       com.google.common.collect.AbstractIndexedListIterator::next (31 bytes)
Event: 28.189 Thread 0x0000028dc909beb0 nmethod 18215 0x0000028db00b4910 code [0x0000028db00b4ae0, 0x0000028db00b4e78]
Event: 28.196 Thread 0x0000028dc909beb0 18216   !   3       sun.management.Util::newObjectName (15 bytes)
Event: 28.196 Thread 0x0000028dc909beb0 nmethod 18216 0x0000028db00b4f90 code [0x0000028db00b5160, 0x0000028db00b54d8]
Event: 28.198 Thread 0x0000028dc909beb0 18217       3       org.gradle.internal.watch.vfs.impl.WatchingVirtualFileSystem$$Lambda$536/0x00000001005b5538::get (12 bytes)
Event: 28.198 Thread 0x0000028dc909beb0 nmethod 18217 0x0000028db00b5690 code [0x0000028db00b5840, 0x0000028db00b5a88]
Event: 28.218 Thread 0x0000028dc909beb0 18218   !   3       java.util.concurrent.LinkedBlockingQueue::take (91 bytes)
Event: 28.219 Thread 0x0000028dc909beb0 nmethod 18218 0x0000028db00b5b90 code [0x0000028db00b5f40, 0x0000028db00b7868]

GC Heap History (20 events):
Event: 24.740 GC heap before
{Heap before GC invocations=46 (full 0):
 garbage-first heap   total 253952K, used 215092K [0x0000000080000000, 0x0000000100000000)
  region size 1024K, 36 young (36864K), 4 survivors (4096K)
 Metaspace       used 114024K, committed 114880K, reserved 1179648K
  class space    used 15384K, committed 15808K, reserved 1048576K
}
Event: 24.744 GC heap after
{Heap after GC invocations=47 (full 0):
 garbage-first heap   total 305152K, used 183256K [0x0000000080000000, 0x0000000100000000)
  region size 1024K, 3 young (3072K), 3 survivors (3072K)
 Metaspace       used 114024K, committed 114880K, reserved 1179648K
  class space    used 15384K, committed 15808K, reserved 1048576K
}
Event: 25.391 GC heap before
{Heap before GC invocations=48 (full 0):
 garbage-first heap   total 305152K, used 224216K [0x0000000080000000, 0x0000000100000000)
  region size 1024K, 71 young (72704K), 3 survivors (3072K)
 Metaspace       used 115125K, committed 115968K, reserved 1179648K
  class space    used 15536K, committed 15936K, reserved 1048576K
}
Event: 25.408 GC heap after
{Heap after GC invocations=49 (full 0):
 garbage-first heap   total 305152K, used 160211K [0x0000000080000000, 0x0000000100000000)
  region size 1024K, 7 young (7168K), 7 survivors (7168K)
 Metaspace       used 115125K, committed 115968K, reserved 1179648K
  class space    used 15536K, committed 15936K, reserved 1048576K
}
Event: 25.426 GC heap before
{Heap before GC invocations=49 (full 0):
 garbage-first heap   total 305152K, used 166355K [0x0000000080000000, 0x0000000100000000)
  region size 1024K, 14 young (14336K), 7 survivors (7168K)
 Metaspace       used 115126K, committed 115968K, reserved 1179648K
  class space    used 15536K, committed 15936K, reserved 1048576K
}
Event: 25.433 GC heap after
{Heap after GC invocations=50 (full 0):
 garbage-first heap   total 305152K, used 130282K [0x0000000080000000, 0x0000000100000000)
  region size 1024K, 2 young (2048K), 2 survivors (2048K)
 Metaspace       used 115126K, committed 115968K, reserved 1179648K
  class space    used 15536K, committed 15936K, reserved 1048576K
}
Event: 25.515 GC heap before
{Heap before GC invocations=50 (full 0):
 garbage-first heap   total 305152K, used 141546K [0x0000000080000000, 0x0000000100000000)
  region size 1024K, 14 young (14336K), 2 survivors (2048K)
 Metaspace       used 115256K, committed 116160K, reserved 1179648K
  class space    used 15555K, committed 16000K, reserved 1048576K
}
Event: 25.520 GC heap after
{Heap after GC invocations=51 (full 0):
 garbage-first heap   total 305152K, used 123858K [0x0000000080000000, 0x0000000100000000)
  region size 1024K, 2 young (2048K), 2 survivors (2048K)
 Metaspace       used 115256K, committed 116160K, reserved 1179648K
  class space    used 15555K, committed 16000K, reserved 1048576K
}
Event: 26.684 GC heap before
{Heap before GC invocations=51 (full 0):
 garbage-first heap   total 305152K, used 286674K [0x0000000080000000, 0x0000000100000000)
  region size 1024K, 107 young (109568K), 2 survivors (2048K)
 Metaspace       used 116087K, committed 117056K, reserved 1179648K
  class space    used 15629K, committed 16128K, reserved 1048576K
}
Event: 26.690 GC heap after
{Heap after GC invocations=52 (full 0):
 garbage-first heap   total 306176K, used 195946K [0x0000000080000000, 0x0000000100000000)
  region size 1024K, 15 young (15360K), 15 survivors (15360K)
 Metaspace       used 116087K, committed 117056K, reserved 1179648K
  class space    used 15629K, committed 16128K, reserved 1048576K
}
Event: 27.110 GC heap before
{Heap before GC invocations=52 (full 0):
 garbage-first heap   total 306176K, used 255338K [0x0000000080000000, 0x0000000100000000)
  region size 1024K, 68 young (69632K), 15 survivors (15360K)
 Metaspace       used 118622K, committed 119552K, reserved 1179648K
  class space    used 15991K, committed 16448K, reserved 1048576K
}
Event: 27.117 GC heap after
{Heap after GC invocations=53 (full 0):
 garbage-first heap   total 306176K, used 199817K [0x0000000080000000, 0x0000000100000000)
  region size 1024K, 5 young (5120K), 5 survivors (5120K)
 Metaspace       used 118622K, committed 119552K, reserved 1179648K
  class space    used 15991K, committed 16448K, reserved 1048576K
}
Event: 27.324 GC heap before
{Heap before GC invocations=53 (full 0):
 garbage-first heap   total 306176K, used 255113K [0x0000000080000000, 0x0000000100000000)
  region size 1024K, 33 young (33792K), 5 survivors (5120K)
 Metaspace       used 119544K, committed 120512K, reserved 1179648K
  class space    used 16128K, committed 16640K, reserved 1048576K
}
Event: 27.326 GC heap after
{Heap after GC invocations=54 (full 0):
 garbage-first heap   total 306176K, used 217831K [0x0000000080000000, 0x0000000100000000)
  region size 1024K, 5 young (5120K), 5 survivors (5120K)
 Metaspace       used 119544K, committed 120512K, reserved 1179648K
  class space    used 16128K, committed 16640K, reserved 1048576K
}
Event: 27.330 GC heap before
{Heap before GC invocations=54 (full 0):
 garbage-first heap   total 306176K, used 227047K [0x0000000080000000, 0x0000000100000000)
  region size 1024K, 6 young (6144K), 5 survivors (5120K)
 Metaspace       used 119544K, committed 120512K, reserved 1179648K
  class space    used 16128K, committed 16640K, reserved 1048576K
}
Event: 27.333 GC heap after
{Heap after GC invocations=55 (full 0):
 garbage-first heap   total 306176K, used 227170K [0x0000000080000000, 0x0000000100000000)
  region size 1024K, 3 young (3072K), 3 survivors (3072K)
 Metaspace       used 119544K, committed 120512K, reserved 1179648K
  class space    used 16128K, committed 16640K, reserved 1048576K
}
Event: 27.339 GC heap before
{Heap before GC invocations=55 (full 0):
 garbage-first heap   total 306176K, used 244578K [0x0000000080000000, 0x0000000100000000)
  region size 1024K, 4 young (4096K), 3 survivors (3072K)
 Metaspace       used 119554K, committed 120512K, reserved 1179648K
  class space    used 16129K, committed 16640K, reserved 1048576K
}
Event: 27.344 GC heap after
{Heap after GC invocations=56 (full 0):
 garbage-first heap   total 706560K, used 244624K [0x0000000080000000, 0x0000000100000000)
  region size 1024K, 3 young (3072K), 3 survivors (3072K)
 Metaspace       used 119554K, committed 120512K, reserved 1179648K
  class space    used 16129K, committed 16640K, reserved 1048576K
}
Event: 27.366 GC heap before
{Heap before GC invocations=56 (full 0):
 garbage-first heap   total 706560K, used 280464K [0x0000000080000000, 0x0000000100000000)
  region size 1024K, 9 young (9216K), 3 survivors (3072K)
 Metaspace       used 119580K, committed 120512K, reserved 1179648K
  class space    used 16132K, committed 16640K, reserved 1048576K
}
Event: 27.370 GC heap after
{Heap after GC invocations=57 (full 0):
 garbage-first heap   total 706560K, used 238211K [0x0000000080000000, 0x0000000100000000)
  region size 1024K, 4 young (4096K), 4 survivors (4096K)
 Metaspace       used 119580K, committed 120512K, reserved 1179648K
  class space    used 16132K, committed 16640K, reserved 1048576K
}

Dll operation events (3 events):
Event: 0.011 Loaded shared library C:\Program Files\Android\Android Studio\jbr\bin\java.dll
Event: 0.126 Loaded shared library C:\Program Files\Android\Android Studio\jbr\bin\zip.dll
Event: 0.357 Loaded shared library C:\Program Files\Android\Android Studio\jbr\bin\verify.dll

Deoptimization events (20 events):
Event: 27.694 Thread 0x0000028dcbb5bf40 DEOPT PACKING pc=0x0000028db002c5b0 sp=0x000000e1a47fd1d0
Event: 27.694 Thread 0x0000028dcbb5bf40 DEOPT UNPACKING pc=0x0000028db599ace3 sp=0x000000e1a47fc688 mode 0
Event: 27.695 Thread 0x0000028dcbb5bf40 DEOPT PACKING pc=0x0000028db002c5b0 sp=0x000000e1a47fd1d0
Event: 27.695 Thread 0x0000028dcbb5bf40 DEOPT UNPACKING pc=0x0000028db599ace3 sp=0x000000e1a47fc688 mode 0
Event: 27.750 Thread 0x0000028dcbb5bf40 DEOPT PACKING pc=0x0000028dafe44dc1 sp=0x000000e1a47fd1b0
Event: 27.750 Thread 0x0000028dcbb5bf40 DEOPT UNPACKING pc=0x0000028db599ace3 sp=0x000000e1a47fc6f0 mode 0
Event: 27.826 Thread 0x0000028dc931de80 Uncommon trap: trap_request=0xffffffde fr.pc=0x0000028db6526ef4 relative=0x00000000000002b4
Event: 27.826 Thread 0x0000028dc931de80 Uncommon trap: reason=class_check action=maybe_recompile pc=0x0000028db6526ef4 method=com.google.common.collect.ComparatorOrdering.compare(Ljava/lang/Object;Ljava/lang/Object;)I @ 6 c2
Event: 27.826 Thread 0x0000028dc931de80 DEOPT PACKING pc=0x0000028db6526ef4 sp=0x000000e1a49fcdc0
Event: 27.826 Thread 0x0000028dc931de80 DEOPT UNPACKING pc=0x0000028db599a1a3 sp=0x000000e1a49fcd38 mode 2
Event: 27.836 Thread 0x0000028dc931de80 Uncommon trap: trap_request=0xffffffde fr.pc=0x0000028db665c774 relative=0x0000000000000d74
Event: 27.836 Thread 0x0000028dc931de80 Uncommon trap: reason=class_check action=maybe_recompile pc=0x0000028db665c774 method=com.google.common.base.Splitter$SplittingIterator.computeNext()Ljava/lang/String; @ 123 c2
Event: 27.836 Thread 0x0000028dc931de80 DEOPT PACKING pc=0x0000028db665c774 sp=0x000000e1a49fc770
Event: 27.836 Thread 0x0000028dc931de80 DEOPT UNPACKING pc=0x0000028db599a1a3 sp=0x000000e1a49fc610 mode 2
Event: 27.836 Thread 0x0000028dc931de80 Uncommon trap: trap_request=0xffffffde fr.pc=0x0000028db665c774 relative=0x0000000000000d74
Event: 27.836 Thread 0x0000028dc931de80 Uncommon trap: reason=class_check action=maybe_recompile pc=0x0000028db665c774 method=com.google.common.base.Splitter$SplittingIterator.computeNext()Ljava/lang/String; @ 123 c2
Event: 27.836 Thread 0x0000028dc931de80 DEOPT PACKING pc=0x0000028db665c774 sp=0x000000e1a49fc6b0
Event: 27.836 Thread 0x0000028dc931de80 DEOPT UNPACKING pc=0x0000028db599a1a3 sp=0x000000e1a49fc550 mode 2
Event: 28.087 Thread 0x0000028dcbb5bf40 DEOPT PACKING pc=0x0000028db0019903 sp=0x000000e1a47fd3d0
Event: 28.087 Thread 0x0000028dcbb5bf40 DEOPT UNPACKING pc=0x0000028db599ace3 sp=0x000000e1a47fca90 mode 0

Classes unloaded (0 events):
No events

Classes redefined (0 events):
No events

Internal exceptions (20 events):
Event: 27.827 Thread 0x0000028dcfab8b30 Exception <a 'sun/nio/fs/WindowsException'{0x00000000a37bd4a0}> (0x00000000a37bd4a0) 
thrown [s\src\hotspot\share\prims\jni.cpp, line 531]
Event: 27.827 Thread 0x0000028dcfab8b30 Exception <a 'sun/nio/fs/WindowsException'{0x00000000a37be368}> (0x00000000a37be368) 
thrown [s\src\hotspot\share\prims\jni.cpp, line 531]
Event: 27.827 Thread 0x0000028dcfab8b30 Exception <a 'sun/nio/fs/WindowsException'{0x00000000a37be3f8}> (0x00000000a37be3f8) 
thrown [s\src\hotspot\share\prims\jni.cpp, line 531]
Event: 27.828 Thread 0x0000028dcfab8b30 Exception <a 'sun/nio/fs/WindowsException'{0x00000000a37be848}> (0x00000000a37be848) 
thrown [s\src\hotspot\share\prims\jni.cpp, line 531]
Event: 27.828 Thread 0x0000028dcfab8b30 Exception <a 'sun/nio/fs/WindowsException'{0x00000000a37c06d0}> (0x00000000a37c06d0) 
thrown [s\src\hotspot\share\prims\jni.cpp, line 531]
Event: 27.828 Thread 0x0000028dcfab8b30 Exception <a 'sun/nio/fs/WindowsException'{0x00000000a37c15a8}> (0x00000000a37c15a8) 
thrown [s\src\hotspot\share\prims\jni.cpp, line 531]
Event: 27.828 Thread 0x0000028dcfab8b30 Exception <a 'sun/nio/fs/WindowsException'{0x00000000a37c1638}> (0x00000000a37c1638) 
thrown [s\src\hotspot\share\prims\jni.cpp, line 531]
Event: 27.828 Thread 0x0000028dcfab8b30 Exception <a 'sun/nio/fs/WindowsException'{0x00000000a37c1ad0}> (0x00000000a37c1ad0) 
thrown [s\src\hotspot\share\prims\jni.cpp, line 531]
Event: 27.828 Thread 0x0000028dcfab8b30 Exception <a 'sun/nio/fs/WindowsException'{0x00000000a37c38f8}> (0x00000000a37c38f8) 
thrown [s\src\hotspot\share\prims\jni.cpp, line 531]
Event: 27.828 Thread 0x0000028dcfab8b30 Exception <a 'sun/nio/fs/WindowsException'{0x00000000a37c47a0}> (0x00000000a37c47a0) 
thrown [s\src\hotspot\share\prims\jni.cpp, line 531]
Event: 27.829 Thread 0x0000028dcfab8b30 Exception <a 'sun/nio/fs/WindowsException'{0x00000000a37c4830}> (0x00000000a37c4830) 
thrown [s\src\hotspot\share\prims\jni.cpp, line 531]
Event: 27.829 Thread 0x0000028dcfab8b30 Exception <a 'sun/nio/fs/WindowsException'{0x00000000a37c4c38}> (0x00000000a37c4c38) 
thrown [s\src\hotspot\share\prims\jni.cpp, line 531]
Event: 27.829 Thread 0x0000028dcfab8b30 Exception <a 'sun/nio/fs/WindowsException'{0x00000000a37c6a78}> (0x00000000a37c6a78) 
thrown [s\src\hotspot\share\prims\jni.cpp, line 531]
Event: 27.832 Thread 0x0000028dcfab8b30 Exception <a 'java/lang/NoSuchMethodError'{0x00000000a35ce378}: static Lcom/android/build/api/variant/impl/SerializableSingleOutputHandler;.<clinit>()V> (0x00000000a35ce378) 
thrown [s\src\hotspot\share\prims\jni.cpp, line 1127]
Event: 27.864 Thread 0x0000028dc931de80 Exception <a 'java/lang/NoSuchMethodError'{0x00000000a31a43f0}: 'void java.lang.invoke.DirectMethodHandle$Holder.invokeStatic(java.lang.Object, long)'> (0x00000000a31a43f0) 
thrown [s\src\hotspot\share\interpreter\linkResolver.cpp, line 771]
Event: 27.865 Thread 0x0000028dc931de80 Exception <a 'java/lang/NoSuchMethodError'{0x00000000a31a9ca8}: 'java.lang.Object java.lang.invoke.DirectMethodHandle$Holder.newInvokeSpecial(java.lang.Object, long)'> (0x00000000a31a9ca8) 
thrown [s\src\hotspot\share\interpreter\linkResolver.cpp, line 771]
Event: 27.869 Thread 0x0000028dc931de80 Exception <a 'java/lang/NoSuchMethodError'{0x00000000a31b3588}: 'java.lang.Object java.lang.invoke.DirectMethodHandle$Holder.invokeStatic(java.lang.Object, java.lang.Object, long, java.lang.Object)'> (0x00000000a31b3588) 
thrown [s\src\hotspot\share\interpreter\linkResolver.cpp, line 771]
Event: 27.869 Thread 0x0000028dcbd87010 Exception <a 'sun/nio/fs/WindowsException'{0x00000000a71dc780}> (0x00000000a71dc780) 
thrown [s\src\hotspot\share\prims\jni.cpp, line 531]
Event: 27.869 Thread 0x0000028dc931de80 Exception <a 'java/lang/NoSuchMethodError'{0x00000000a31b7008}: 'java.lang.Object java.lang.invoke.DirectMethodHandle$Holder.invokeStaticInit(java.lang.Object, java.lang.Object, long, java.lang.Object)'> (0x00000000a31b7008) 
thrown [s\src\hotspot\share\interpreter\linkResolver.cpp, line 771]
Event: 28.143 Thread 0x0000028dcbd85bd0 Exception <a 'sun/nio/fs/WindowsException'{0x00000000a1113fa8}> (0x00000000a1113fa8) 
thrown [s\src\hotspot\share\prims\jni.cpp, line 531]

VM Operations (20 events):
Event: 27.109 Executing VM operation: G1CollectForAllocation
Event: 27.119 Executing VM operation: G1CollectForAllocation done
Event: 27.323 Executing VM operation: G1TryInitiateConcMark
Event: 27.327 Executing VM operation: G1TryInitiateConcMark done
Event: 27.330 Executing VM operation: G1TryInitiateConcMark
Event: 27.333 Executing VM operation: G1TryInitiateConcMark done
Event: 27.339 Executing VM operation: G1TryInitiateConcMark
Event: 27.345 Executing VM operation: G1TryInitiateConcMark done
Event: 27.366 Executing VM operation: G1TryInitiateConcMark
Event: 27.370 Executing VM operation: G1TryInitiateConcMark done
Event: 27.497 Executing VM operation: G1PauseRemark
Event: 27.503 Executing VM operation: G1PauseRemark done
Event: 27.569 Executing VM operation: G1PauseCleanup
Event: 27.573 Executing VM operation: G1PauseCleanup done
Event: 27.841 Executing VM operation: HandshakeAllThreads
Event: 27.841 Executing VM operation: HandshakeAllThreads done
Event: 27.874 Executing VM operation: HandshakeAllThreads
Event: 27.874 Executing VM operation: HandshakeAllThreads done
Event: 28.118 Executing VM operation: ICBufferFull
Event: 28.121 Executing VM operation: ICBufferFull done

Events (20 events):
Event: 27.244 loading class java/nio/BufferUnderflowException done
Event: 27.853 loading class java/util/concurrent/Executors$DelegatedScheduledExecutorService
Event: 27.853 loading class java/util/concurrent/Executors$DelegatedExecutorService
Event: 27.853 loading class java/util/concurrent/Executors$DelegatedExecutorService done
Event: 27.853 loading class java/util/concurrent/Executors$DelegatedScheduledExecutorService done
Event: 27.854 Thread 0x0000028dd5823580 Thread added: 0x0000028dd5823580
Event: 27.857 loading class java/lang/ProcessImpl
Event: 27.858 loading class java/lang/ProcessImpl done
Event: 27.866 loading class java/lang/ProcessHandleImpl
Event: 27.867 loading class java/lang/ProcessHandleImpl done
Event: 27.870 loading class java/lang/ProcessImpl$2
Event: 27.871 loading class java/lang/ProcessImpl$2 done
Event: 27.871 loading class java/lang/Process$PipeInputStream
Event: 27.871 loading class java/lang/Process$PipeInputStream done
Event: 27.875 loading class jdk/internal/event/ProcessStartEvent
Event: 27.875 loading class jdk/internal/event/ProcessStartEvent done
Event: 27.880 Thread 0x0000028dcb5facb0 Thread added: 0x0000028dcb5facb0
Event: 27.880 Thread 0x0000028dcb5fb6d0 Thread added: 0x0000028dcb5fb6d0
Event: 27.880 Thread 0x0000028dd07b8080 Thread added: 0x0000028dd07b8080
Event: 27.881 Thread 0x0000028dd0019910 Thread added: 0x0000028dd0019910


Dynamic libraries:
0x00007ff630360000 - 0x00007ff63036a000 	C:\Program Files\Android\Android Studio\jbr\bin\java.exe
0x00007ff94da50000 - 0x00007ff94dc67000 	C:\WINDOWS\SYSTEM32\ntdll.dll
0x00007ff94c050000 - 0x00007ff94c114000 	C:\WINDOWS\System32\KERNEL32.DLL
0x00007ff94aec0000 - 0x00007ff94b279000 	C:\WINDOWS\System32\KERNELBASE.dll
0x00007ff94b650000 - 0x00007ff94b761000 	C:\WINDOWS\System32\ucrtbase.dll
0x00007ff942860000 - 0x00007ff94287b000 	C:\Program Files\Android\Android Studio\jbr\bin\VCRUNTIME140.dll
0x00007ff93b240000 - 0x00007ff93b257000 	C:\Program Files\Android\Android Studio\jbr\bin\jli.dll
0x00007ff94c2a0000 - 0x00007ff94c44e000 	C:\WINDOWS\System32\USER32.dll
0x00007ff91bf60000 - 0x00007ff91c1f2000 	C:\WINDOWS\WinSxS\amd64_microsoft.windows.common-controls_6595b64144ccf1df_6.0.22621.4391_none_2715d37f73803e96\COMCTL32.dll
0x00007ff94b620000 - 0x00007ff94b646000 	C:\WINDOWS\System32\win32u.dll
0x00007ff94ccf0000 - 0x00007ff94cd97000 	C:\WINDOWS\System32\msvcrt.dll
0x00007ff94ccc0000 - 0x00007ff94cce9000 	C:\WINDOWS\System32\GDI32.dll
0x00007ff94b370000 - 0x00007ff94b48b000 	C:\WINDOWS\System32\gdi32full.dll
0x00007ff94b490000 - 0x00007ff94b52a000 	C:\WINDOWS\System32\msvcp_win.dll
0x00007ff94bce0000 - 0x00007ff94bd11000 	C:\WINDOWS\System32\IMM32.DLL
0x00007ff944ac0000 - 0x00007ff944acc000 	C:\Program Files\Android\Android Studio\jbr\bin\vcruntime140_1.dll
0x00007ff937530000 - 0x00007ff9375bd000 	C:\Program Files\Android\Android Studio\jbr\bin\msvcp140.dll
0x00007ff8c7130000 - 0x00007ff8c7db3000 	C:\Program Files\Android\Android Studio\jbr\bin\server\jvm.dll
0x00007ff94bdb0000 - 0x00007ff94be62000 	C:\WINDOWS\System32\ADVAPI32.dll
0x00007ff94c450000 - 0x00007ff94c4f7000 	C:\WINDOWS\System32\sechost.dll
0x00007ff94b280000 - 0x00007ff94b2a8000 	C:\WINDOWS\System32\bcrypt.dll
0x00007ff94c120000 - 0x00007ff94c234000 	C:\WINDOWS\System32\RPCRT4.dll
0x00007ff940160000 - 0x00007ff940169000 	C:\WINDOWS\SYSTEM32\WSOCK32.dll
0x00007ff943a80000 - 0x00007ff943ab4000 	C:\WINDOWS\SYSTEM32\WINMM.dll
0x00007ff94ac20000 - 0x00007ff94ac6d000 	C:\WINDOWS\SYSTEM32\POWRPROF.dll
0x00007ff9405a0000 - 0x00007ff9405aa000 	C:\WINDOWS\SYSTEM32\VERSION.dll
0x00007ff94bd30000 - 0x00007ff94bda1000 	C:\WINDOWS\System32\WS2_32.dll
0x00007ff94ac00000 - 0x00007ff94ac13000 	C:\WINDOWS\SYSTEM32\UMPDC.dll
0x00007ff949d50000 - 0x00007ff949d68000 	C:\WINDOWS\SYSTEM32\kernel.appcore.dll
0x00007ff9461c0000 - 0x00007ff9461ca000 	C:\Program Files\Android\Android Studio\jbr\bin\jimage.dll
0x00007ff9482d0000 - 0x00007ff948502000 	C:\WINDOWS\SYSTEM32\DBGHELP.DLL
0x00007ff94b8a0000 - 0x00007ff94bc2f000 	C:\WINDOWS\System32\combase.dll
0x00007ff94be70000 - 0x00007ff94bf47000 	C:\WINDOWS\System32\OLEAUT32.dll
0x00007ff940b80000 - 0x00007ff940bb2000 	C:\WINDOWS\SYSTEM32\dbgcore.DLL
0x00007ff94b530000 - 0x00007ff94b5ab000 	C:\WINDOWS\System32\bcryptPrimitives.dll
0x00007ff93b330000 - 0x00007ff93b33e000 	C:\Program Files\Android\Android Studio\jbr\bin\instrument.dll
0x00007ff93a030000 - 0x00007ff93a055000 	C:\Program Files\Android\Android Studio\jbr\bin\java.dll
0x00007ff942830000 - 0x00007ff942848000 	C:\Program Files\Android\Android Studio\jbr\bin\zip.dll
0x00007ff94d190000 - 0x00007ff94da06000 	C:\WINDOWS\System32\SHELL32.dll
0x00007ff948c40000 - 0x00007ff949543000 	C:\WINDOWS\SYSTEM32\windows.storage.dll
0x00007ff948b00000 - 0x00007ff948c3f000 	C:\WINDOWS\SYSTEM32\wintypes.dll
0x00007ff94bf50000 - 0x00007ff94c049000 	C:\WINDOWS\System32\SHCORE.dll
0x00007ff94c240000 - 0x00007ff94c29e000 	C:\WINDOWS\System32\shlwapi.dll
0x00007ff94ac80000 - 0x00007ff94acab000 	C:\WINDOWS\SYSTEM32\profapi.dll
0x00007ff940140000 - 0x00007ff940159000 	C:\Program Files\Android\Android Studio\jbr\bin\net.dll
0x00007ff9444c0000 - 0x00007ff9445f6000 	C:\WINDOWS\SYSTEM32\WINHTTP.dll
0x00007ff94a1c0000 - 0x00007ff94a229000 	C:\WINDOWS\system32\mswsock.dll
0x00007ff93ff10000 - 0x00007ff93ff26000 	C:\Program Files\Android\Android Studio\jbr\bin\nio.dll
0x00007ff93f040000 - 0x00007ff93f050000 	C:\Program Files\Android\Android Studio\jbr\bin\verify.dll
0x00007ff93a8b0000 - 0x00007ff93a8d7000 	C:\Users\usuario\.gradle\native\c067742578af261105cb4f569cf0c3c89f3d7b1fecec35dd04571415982c5e48\windows-amd64\native-platform.dll
0x00007ff933110000 - 0x00007ff933254000 	C:\Users\usuario\.gradle\native\38dada09dfb8b06ba9b0570ebf7e218e3eb74d4ef43ca46872605cf95ebc2f47\windows-amd64\native-platform-file-events.dll
0x00007ff940cd0000 - 0x00007ff940cd9000 	C:\Program Files\Android\Android Studio\jbr\bin\management.dll
0x00007ff9401b0000 - 0x00007ff9401bb000 	C:\Program Files\Android\Android Studio\jbr\bin\management_ext.dll
0x00007ff94bc30000 - 0x00007ff94bc38000 	C:\WINDOWS\System32\PSAPI.DLL
0x00007ff94a510000 - 0x00007ff94a52b000 	C:\WINDOWS\SYSTEM32\CRYPTSP.dll
0x00007ff949cb0000 - 0x00007ff949ce5000 	C:\WINDOWS\system32\rsaenh.dll
0x00007ff94a260000 - 0x00007ff94a288000 	C:\WINDOWS\SYSTEM32\USERENV.dll
0x00007ff94a4f0000 - 0x00007ff94a4fc000 	C:\WINDOWS\SYSTEM32\CRYPTBASE.dll
0x00007ff9497b0000 - 0x00007ff9497dd000 	C:\WINDOWS\SYSTEM32\IPHLPAPI.DLL
0x00007ff94b790000 - 0x00007ff94b799000 	C:\WINDOWS\System32\NSI.dll
0x00007ff944130000 - 0x00007ff944149000 	C:\WINDOWS\SYSTEM32\dhcpcsvc6.DLL
0x00007ff944110000 - 0x00007ff94412f000 	C:\WINDOWS\SYSTEM32\dhcpcsvc.DLL
0x00007ff949820000 - 0x00007ff949922000 	C:\WINDOWS\SYSTEM32\DNSAPI.dll
0x00007ff943dc0000 - 0x00007ff943dc9000 	C:\Program Files\Android\Android Studio\jbr\bin\extnet.dll
0x00007ff943df0000 - 0x00007ff943df8000 	C:\WINDOWS\system32\wshunix.dll
0x00007ff90f510000 - 0x00007ff90f527000 	C:\WINDOWS\system32\napinsp.dll
0x00007ff90f410000 - 0x00007ff90f42b000 	C:\WINDOWS\system32\pnrpnsp.dll
0x00007ff90f3c0000 - 0x00007ff90f3d1000 	C:\WINDOWS\System32\winrnr.dll
0x00007ff943a60000 - 0x00007ff943a75000 	C:\WINDOWS\system32\wshbth.dll
0x00007ff90ec60000 - 0x00007ff90ec87000 	C:\WINDOWS\system32\nlansp_c.dll
0x0000000068fe0000 - 0x0000000069006000 	C:\Program Files\Bonjour\mdnsNSP.dll
0x00007ff941b50000 - 0x00007ff941b5a000 	C:\Windows\System32\rasadhlp.dll
0x00007ff9430b0000 - 0x00007ff943133000 	C:\WINDOWS\System32\fwpuclnt.dll
0x00007ff949e60000 - 0x00007ff949e94000 	C:\WINDOWS\SYSTEM32\ntmarta.dll

dbghelp: loaded successfully - version: 4.0.5 - missing functions: none
symbol engine: initialized successfully - sym options: 0x614 - pdb path: .;C:\Program Files\Android\Android Studio\jbr\bin;C:\WINDOWS\SYSTEM32;C:\WINDOWS\WinSxS\amd64_microsoft.windows.common-controls_6595b64144ccf1df_6.0.22621.4391_none_2715d37f73803e96;C:\Program Files\Android\Android Studio\jbr\bin\server;C:\Users\usuario\.gradle\native\c067742578af261105cb4f569cf0c3c89f3d7b1fecec35dd04571415982c5e48\windows-amd64;C:\Users\usuario\.gradle\native\38dada09dfb8b06ba9b0570ebf7e218e3eb74d4ef43ca46872605cf95ebc2f47\windows-amd64;C:\Program Files\Bonjour

VM Arguments:
jvm_args: --add-opens=java.base/java.util=ALL-UNNAMED --add-opens=java.base/java.lang=ALL-UNNAMED --add-opens=java.base/java.lang.invoke=ALL-UNNAMED --add-opens=java.prefs/java.util.prefs=ALL-UNNAMED --add-opens=java.base/java.nio.charset=ALL-UNNAMED --add-opens=java.base/java.net=ALL-UNNAMED --add-opens=java.base/java.util.concurrent.atomic=ALL-UNNAMED -Xmx2048m -Dfile.encoding=UTF-8 -Duser.country=GT -Duser.language=es -Duser.variant -javaagent:C:\Users\usuario\.gradle\wrapper\dists\gradle-8.7-bin\bhs2wmbdwecv87pi65oeuq5iu\gradle-8.7\lib\agents\gradle-instrumentation-agent-8.7.jar 
java_command: org.gradle.launcher.daemon.bootstrap.GradleDaemon 8.7
java_class_path (initial): C:\Users\usuario\.gradle\wrapper\dists\gradle-8.7-bin\bhs2wmbdwecv87pi65oeuq5iu\gradle-8.7\lib\gradle-launcher-8.7.jar
Launcher Type: SUN_STANDARD

[Global flags]
     intx CICompilerCount                          = 4                                         {product} {ergonomic}
     uint ConcGCThreads                            = 2                                         {product} {ergonomic}
     uint G1ConcRefinementThreads                  = 8                                         {product} {ergonomic}
   size_t G1HeapRegionSize                         = 1048576                                   {product} {ergonomic}
    uintx GCDrainStackTargetSize                   = 64                                        {product} {ergonomic}
   size_t InitialHeapSize                          = 266338304                                 {product} {ergonomic}
   size_t MarkStackSize                            = 4194304                                   {product} {ergonomic}
   size_t MaxHeapSize                              = 2147483648                                {product} {command line}
   size_t MaxNewSize                               = 1287651328                                {product} {ergonomic}
   size_t MinHeapDeltaBytes                        = 1048576                                   {product} {ergonomic}
   size_t MinHeapSize                              = 8388608                                   {product} {ergonomic}
    uintx NonNMethodCodeHeapSize                   = 5839372                                {pd product} {ergonomic}
    uintx NonProfiledCodeHeapSize                  = 122909434                              {pd product} {ergonomic}
    uintx ProfiledCodeHeapSize                     = 122909434                              {pd product} {ergonomic}
    uintx ReservedCodeCacheSize                    = 251658240                              {pd product} {ergonomic}
     bool SegmentedCodeCache                       = true                                      {product} {ergonomic}
   size_t SoftMaxHeapSize                          = 2147483648                             {manageable} {ergonomic}
     bool UseCompressedClassPointers               = true                           {product lp64_product} {ergonomic}
     bool UseCompressedOops                        = true                           {product lp64_product} {ergonomic}
     bool UseG1GC                                  = true                                      {product} {ergonomic}
     bool UseLargePagesIndividualAllocation        = false                                  {pd product} {ergonomic}

Logging:
Log output configuration:
 #0: stdout all=warning uptime,level,tags
 #1: stderr all=off uptime,level,tags

Environment Variables:
PATH=C:\Python\Python312\Scripts\;C:\Python\Python312\;C:\Program Files\Python310\Scripts\;C:\Program Files\Python310\;C:\Program Files\Microsoft\jdk-11.0.16.101-hotspot\bin;C:\Program Files\Common Files\Oracle\Java\javapath;C:\Program Files (x86)\Common Files\Oracle\Java\javapath;C:\WINDOWS\system32;C:\WINDOWS;C:\WINDOWS\System32\Wbem;C:\WINDOWS\System32\WindowsPowerShell\v1.0\;C:\WINDOWS\System32\OpenSSH\;C:\Program Files\Microsoft\Web Platform Installer\;C:\Program Files (x86)\Microsoft ASP.NET\ASP.NET Web Pages\v1.0\;C:\Program Files\dotnet\;C:\Program Files\Azure Data Studio\bin;C:\Program Files (x86)\Microchip\MPLAB C32 Suite\bin;C:\Program Files\PuTTY\;C:\Program Files (x86)\Microsoft SQL Server\160\Tools\Binn\;C:\Program Files\Microsoft SQL Server\160\Tools\Binn\;C:\Program Files\Microsoft SQL Server\Client SDK\ODBC\170\Tools\Binn\;C:\Program Files\Microsoft SQL Server\160\DTS\Binn\;C:\Program Files (x86)\Microsoft SQL Server\150\DTS\Binn\;C:\Program Files (x86)\Microsoft SQL Server\150\Tools\Binn\;C:\Program Files\Microsoft SQL Server\150\Tools\Binn\;C:\Program Files\Microsoft SQL Server\150\DTS\Binn\;C:\Program Files\CodeBlocks\MinGW\bin;C:\MinGW\bin;C:\GnuWin32\bin;C:\Program Files\nodejs\;C:\ProgramData\chocolatey\bin;C:\Program Files (x86)\NetSarang\Xshell 7\;C:\Program Files\Git\cmd;C:\flutter_windows\flutter\bin;C:\Program Files\Java\jre1.8.0_301\lib;C:\Program Files\Java\jdk1.8.0_301\lib;C:\apktool;C:\netcat\;C:\karate\apache-maven-3.9.9\lib;C:\Maven\apache-maven-3.9.9bin;C:\Users\usuario\.console-ninja\.bin;C:\Users\usuario\AppData\Local\Microsoft\WindowsApps;C:\Program Files\Azure Data Studio\bin;C:\Program Files\Azure Data Studio\bin;C:\Users\usuario\AppData\Local\Programs\Microsoft VS Code\bin;C:\Program Files\CodeBlocks\MinGW\bin;C:\MinGW\bin;C:\GnuWin32\bin;C:\Users\usuario\AppData\Roaming\npm;C:\Users\usuario\AppData\Local\GitHubDesktop\bin;C:\Program Files\JetBrains\PyCharm 2024.2.3\bin;;C:\Users\usuario\AppData\Local\Programs\Ollama;C:\Python\P
USERNAME=usuario
OS=Windows_NT
PROCESSOR_IDENTIFIER=Intel64 Family 6 Model 126 Stepping 5, GenuineIntel
TMP=C:\Users\usuario\AppData\Local\Temp
TEMP=C:\Users\usuario\AppData\Local\Temp



Periodic native trim disabled

JNI global refs:
JNI global refs: 30, weak refs: 3

JNI global refs memory usage: 843, weak refs: 841

Process memory usage:
Resident Set Size: 849420K (5% of 16538964K total physical memory with 3061836K free physical memory)

OOME stack traces (most recent first):
Classloader memory used:
Loader org.gradle.internal.classloader.VisitableURLClassLoader                         : 5020K
Loader org.gradle.internal.classloader.VisitableURLClassLoader$InstrumentingVisitableURLClassLoader: 5002K
Loader bootstrap                                                                       : 3345K
Loader org.gradle.initialization.MixInLegacyTypesClassLoader                           : 1435K
Loader jdk.internal.reflect.DelegatingClassLoader                                      : 137K
Loader jdk.internal.loader.ClassLoaders$PlatformClassLoader                            : 71507B
Loader jdk.internal.loader.ClassLoaders$AppClassLoader                                 : 28722B
Loader org.gradle.internal.classloader.VisitableURLClassLoader                         : 28439B
Loader sun.reflect.misc.MethodUtil                                                     : 373B

Classes loaded by more than one classloader:
Class Program                                                                         : loaded 5 times (x 70B)
Class Build_gradle$1                                                                  : loaded 3 times (x 72B)
Class Build_gradle                                                                    : loaded 3 times (x 128B)
Class com.google.common.collect.Iterators$MergingIterator                             : loaded 2 times (x 79B)
Class com.google.common.io.Closer$SuppressingSuppressor                               : loaded 2 times (x 73B)
Class org.objectweb.asm.ModuleVisitor                                                 : loaded 2 times (x 79B)
Class com.google.common.io.ByteSource                                                 : loaded 2 times (x 82B)
Class [Lcom.google.common.collect.AbstractMapEntry;                                   : loaded 2 times (x 67B)
Class com.google.common.io.AppendableWriter                                           : loaded 2 times (x 98B)
Class com.google.common.collect.ImmutableRangeSet$AsSet                               : loaded 2 times (x 233B)
Class com.google.common.collect.SingletonImmutableList                                : loaded 2 times (x 167B)
Class com.google.common.cache.CacheLoader$SupplierToCacheLoader                       : loaded 2 times (x 73B)
Class org.gradle.internal.classpath.ClassPath                                         : loaded 2 times (x 68B)
Class com.google.common.io.FileWriteMode                                              : loaded 2 times (x 77B)
Class com.google.common.cache.RemovalListener                                         : loaded 2 times (x 68B)
Class org.gradle.api.internal.classpath.DefaultModuleRegistry                         : loaded 2 times (x 84B)
Class com.google.common.collect.FluentIterable$1                                      : loaded 2 times (x 79B)
Class com.google.common.collect.FluentIterable$2                                      : loaded 2 times (x 79B)
Class com.google.common.collect.FluentIterable$3                                      : loaded 2 times (x 79B)
Class Settings_gradle$1$1                                                             : loaded 2 times (x 72B)
Class com.google.common.collect.ImmutableEnumSet                                      : loaded 2 times (x 144B)
Class [Lcom.google.common.collect.MapMaker$Dummy;                                     : loaded 2 times (x 67B)
Class com.google.common.collect.ListMultimap                                          : loaded 2 times (x 68B)
Class com.google.common.base.CharMatcher$JavaDigit                                    : loaded 2 times (x 109B)
Class com.google.common.base.CharMatcher$Digit                                        : loaded 2 times (x 110B)
Class com.google.common.collect.AbstractMultimap                                      : loaded 2 times (x 121B)
Class com.google.common.cache.CacheBuilder$OneWeigher                                 : loaded 2 times (x 80B)
Class org.gradle.api.Action                                                           : loaded 2 times (x 68B)
Class com.google.common.collect.ImmutableEntry                                        : loaded 2 times (x 80B)
Class com.google.common.collect.Lists$StringAsImmutableList                           : loaded 2 times (x 167B)
Class com.google.common.collect.ImmutableMap$SerializedForm                           : loaded 2 times (x 71B)
Class com.google.common.cache.LocalCache$StrongEntry                                  : loaded 2 times (x 106B)
Class com.google.common.collect.MapMakerInternalMap$InternalEntryHelper               : loaded 2 times (x 68B)
Class org.objectweb.asm.FieldWriter                                                   : loaded 2 times (x 76B)
Class com.google.common.base.CharMatcher                                              : loaded 2 times (x 109B)
Class com.google.common.base.CharMatcher$IsNot                                        : loaded 2 times (x 109B)
Class com.google.common.collect.RegularImmutableSortedSet                             : loaded 2 times (x 233B)
Class com.google.common.collect.Maps$IteratorBasedAbstractMap                         : loaded 2 times (x 123B)
Class com.google.common.collect.SetMultimap                                           : loaded 2 times (x 68B)
Class com.google.common.base.Splitter                                                 : loaded 2 times (x 70B)
Class [Lcom.google.common.cache.Weigher;                                              : loaded 2 times (x 67B)
Class com.google.common.collect.Iterators$ArrayItr                                    : loaded 2 times (x 95B)
Class com.google.common.collect.MapMakerInternalMap$Strength                          : loaded 2 times (x 78B)
Class com.google.common.cache.LocalCache$Segment                                      : loaded 2 times (x 152B)
Class org.gradle.api.internal.DefaultClassPathProvider                                : loaded 2 times (x 74B)
Class org.gradle.internal.installation.GradleInstallation$1                           : loaded 2 times (x 73B)
Class com.google.common.cache.LocalCache$AbstractReferenceEntry                       : loaded 2 times (x 105B)
Class org.objectweb.asm.Type                                                          : loaded 2 times (x 70B)
Class com.google.common.util.concurrent.AbstractFuture$Failure                        : loaded 2 times (x 70B)
Class com.google.common.base.CharMatcher$BitSetMatcher                                : loaded 2 times (x 110B)
Class com.google.common.collect.ImmutableMap$IteratorBasedImmutableMap                : loaded 2 times (x 123B)
Class com.google.common.reflect.Reflection                                            : loaded 2 times (x 69B)
Class com.google.common.io.Files$FileByteSource                                       : loaded 2 times (x 83B)
Class com.google.common.collect.ImmutableMap                                          : loaded 2 times (x 118B)
Class com.google.common.base.Converter                                                : loaded 2 times (x 88B)
Class com.google.common.collect.ImmutableSortedSetFauxverideShim                      : loaded 2 times (x 145B)
Class com.google.common.collect.ImmutableSet$EmptySetBuilderImpl                      : loaded 2 times (x 74B)
Class com.google.common.base.Equivalence                                              : loaded 2 times (x 80B)
Class com.google.common.primitives.Ints                                               : loaded 2 times (x 69B)
Class com.google.common.cache.LocalCache$EntryFactory$1                               : loaded 2 times (x 81B)
Class com.google.common.cache.LocalCache$EntryFactory$2                               : loaded 2 times (x 81B)
Class com.google.common.cache.LocalCache$EntryFactory$3                               : loaded 2 times (x 81B)
Class com.google.common.cache.LocalCache$EntryFactory$4                               : loaded 2 times (x 81B)
Class com.google.common.cache.LocalCache$EntryFactory$5                               : loaded 2 times (x 81B)
Class com.google.common.cache.LocalCache$EntryFactory$6                               : loaded 2 times (x 81B)
Class com.google.common.reflect.TypeResolver$TypeVariableKey                          : loaded 2 times (x 70B)
Class com.google.common.cache.LocalCache$EntryFactory$7                               : loaded 2 times (x 81B)
Class com.google.common.cache.LocalCache$EntryFactory$8                               : loaded 2 times (x 81B)
Class com.google.common.base.Predicate                                                : loaded 2 times (x 68B)
Class com.google.common.cache.LocalCache$StrongValueReference                         : loaded 2 times (x 88B)
Class org.gradle.internal.classloader.FilteringClassLoader                            : loaded 2 times (x 103B)
Class com.google.common.collect.AbstractMapBasedMultimap$WrappedCollection            : loaded 2 times (x 122B)
Class com.google.common.reflect.TypeResolver$TypeTable                                : loaded 2 times (x 71B)
Class com.google.common.reflect.Invokable$MethodInvokable                             : loaded 2 times (x 103B)
Class com.google.common.collect.RegularImmutableSet                                   : loaded 2 times (x 146B)
Class [Lcom.google.common.cache.LocalCache$Strength;                                  : loaded 2 times (x 67B)
Class org.gradle.internal.classpath.DefaultClassPath$ImmutableUniqueList$Builder      : loaded 2 times (x 73B)
Class com.google.common.collect.AbstractRangeSet                                      : loaded 2 times (x 112B)
Class com.google.common.collect.Maps$8                                                : loaded 2 times (x 80B)
Class [Lcom.google.common.cache.CacheBuilder$NullListener;                            : loaded 2 times (x 67B)
Class com.google.common.base.PatternCompiler                                          : loaded 2 times (x 68B)
Class com.google.common.io.CharStreams$NullWriter                                     : loaded 2 times (x 97B)
Class com.google.common.base.CharMatcher$InRange                                      : loaded 2 times (x 109B)
Class com.google.common.collect.Maps$KeySet                                           : loaded 2 times (x 135B)
Class com.google.common.collect.ImmutableMultimap$EntryCollection                     : loaded 2 times (x 125B)
Class com.google.common.collect.Sets$SetView                                          : loaded 2 times (x 136B)
Class com.google.common.collect.BiMap                                                 : loaded 2 times (x 68B)
Class com.google.common.collect.Lists                                                 : loaded 2 times (x 69B)
Class org.objectweb.asm.AnnotationWriter                                              : loaded 2 times (x 77B)
Class org.apache.commons.io.output.ThresholdingOutputStream                           : loaded 2 times (x 92B)
Class com.google.common.math.IntMath$1                                                : loaded 2 times (x 69B)
Class org.gradle.internal.classloader.ClassLoaderVisitor                              : loaded 2 times (x 74B)
Class org.objectweb.asm.Label                                                         : loaded 2 times (x 71B)
Class com.google.common.cache.CacheBuilder$NullListener                               : loaded 2 times (x 80B)
Class com.google.common.collect.ImmutableMultimap                                     : loaded 2 times (x 145B)
Class org.apache.commons.io.filefilter.IOFileFilter                                   : loaded 2 times (x 68B)
Class com.google.common.math.MathPreconditions                                        : loaded 2 times (x 69B)
Class org.gradle.internal.service.DefaultServiceLocator                               : loaded 2 times (x 81B)
Class org.gradle.internal.service.UnknownServiceException                             : loaded 2 times (x 81B)
Class com.google.common.util.concurrent.AbstractFuture$SynchronizedHelper             : loaded 2 times (x 76B)
Class com.google.common.collect.ArrayListMultimap                                     : loaded 2 times (x 170B)
Class com.google.common.base.Strings                                                  : loaded 2 times (x 69B)
Class com.google.common.io.Closer                                                     : loaded 2 times (x 76B)
Class com.google.common.cache.CacheLoader$InvalidCacheLoadException                   : loaded 2 times (x 80B)
Class org.gradle.internal.classloader.DefaultClassLoaderFactory                       : loaded 2 times (x 80B)
Class com.google.common.collect.UnmodifiableIterator                                  : loaded 2 times (x 78B)
Class com.google.common.base.Stopwatch                                                : loaded 2 times (x 70B)
Class com.google.common.reflect.Types                                                 : loaded 2 times (x 69B)
Class com.google.common.base.Platform$JdkPatternCompiler                              : loaded 2 times (x 73B)
Class com.google.common.collect.Interners$InternerImpl                                : loaded 2 times (x 73B)
Class com.google.common.cache.LocalCache$LoadingValueReference                        : loaded 2 times (x 94B)
Class org.apache.commons.io.output.ByteArrayOutputStream                              : loaded 2 times (x 100B)
Class com.google.common.base.CharMatcher$SingleWidth                                  : loaded 2 times (x 110B)
Class com.google.common.collect.Hashing                                               : loaded 2 times (x 69B)
Class com.google.common.collect.MapMakerInternalMap$AbstractStrongKeyEntry            : loaded 2 times (x 78B)
Class com.google.common.collect.ImmutableRangeSet$ComplementRanges                    : loaded 2 times (x 167B)
Class [Lcom.google.common.reflect.Types$ClassOwnership;                               : loaded 2 times (x 67B)
Class com.google.common.base.JdkPattern                                               : loaded 2 times (x 73B)
Class com.google.common.base.Optional                                                 : loaded 2 times (x 78B)
Class com.google.common.collect.Multimap                                              : loaded 2 times (x 68B)
Class com.google.common.base.FunctionalEquivalence                                    : loaded 2 times (x 81B)
Class org.objectweb.asm.AnnotationVisitor                                             : loaded 2 times (x 76B)
Class org.objectweb.asm.RecordComponentWriter                                         : loaded 2 times (x 76B)
Class com.google.common.cache.LocalCache$1                                            : loaded 2 times (x 87B)
Class com.google.common.cache.LocalCache$2                                            : loaded 2 times (x 140B)
Class com.google.common.collect.RegularImmutableBiMap                                 : loaded 2 times (x 146B)
Class org.gradle.internal.classloader.VisitableURLClassLoader$Spec                    : loaded 2 times (x 72B)
Class org.gradle.api.GradleException                                                  : loaded 2 times (x 80B)
Class com.google.common.base.CharMatcher$JavaLetterOrDigit                            : loaded 2 times (x 109B)
Class org.gradle.api.internal.classpath.ModuleRegistry                                : loaded 2 times (x 68B)
Class com.google.common.collect.ForwardingObject                                      : loaded 2 times (x 70B)
Class com.google.common.reflect.TypeToken$1                                           : loaded 2 times (x 106B)
Class com.google.common.cache.CacheBuilder                                            : loaded 2 times (x 70B)
Class com.google.common.reflect.TypeToken$2                                           : loaded 2 times (x 106B)
Class org.objectweb.asm.ByteVector                                                    : loaded 2 times (x 77B)
Class com.google.common.collect.ImmutableCollection                                   : loaded 2 times (x 123B)
Class com.google.common.collect.ImmutableRangeSet                                     : loaded 2 times (x 113B)
Class com.google.common.base.PairwiseEquivalence                                      : loaded 2 times (x 81B)
Class com.google.common.base.Ticker                                                   : loaded 2 times (x 70B)
Class org.gradle.api.internal.ClassPathProvider                                       : loaded 2 times (x 68B)
Class com.google.common.base.Ascii                                                    : loaded 2 times (x 69B)
Class com.google.common.collect.RegularImmutableMap$Values                            : loaded 2 times (x 167B)
Class org.objectweb.asm.ModuleWriter                                                  : loaded 2 times (x 80B)
Class [Lcom.google.common.collect.MapMakerInternalMap$Segment;                        : loaded 2 times (x 67B)
Class com.google.common.collect.ImmutableEnumMap                                      : loaded 2 times (x 123B)
Class com.google.common.collect.ImmutableList$ReverseImmutableList                    : loaded 2 times (x 168B)
Class com.google.common.cache.AbstractCache$StatsCounter                              : loaded 2 times (x 68B)
Class org.objectweb.asm.FieldVisitor                                                  : loaded 2 times (x 75B)
Class org.objectweb.asm.Symbol                                                        : loaded 2 times (x 71B)
Class com.google.common.reflect.TypeToken                                             : loaded 2 times (x 71B)
Class com.google.common.cache.LocalCache$Strength$1                                   : loaded 2 times (x 79B)
Class com.google.common.collect.EmptyImmutableListMultimap                            : loaded 2 times (x 174B)
Class com.google.common.cache.LocalCache$Strength$2                                   : loaded 2 times (x 79B)
Class com.google.common.cache.LocalCache$Strength$3                                   : loaded 2 times (x 79B)
Class org.gradle.internal.classloader.ClassLoaderFactory                              : loaded 2 times (x 68B)
Class com.google.common.collect.ObjectArrays                                          : loaded 2 times (x 69B)
Class com.google.common.base.Absent                                                   : loaded 2 times (x 78B)
Class com.google.common.util.concurrent.AbstractFuture$Waiter                         : loaded 2 times (x 70B)
Class com.google.common.util.concurrent.Uninterruptibles                              : loaded 2 times (x 69B)
Class com.google.common.collect.Iterators$10                                          : loaded 2 times (x 79B)
Class com.google.common.collect.Iterators$EmptyModifiableIterator                     : loaded 2 times (x 84B)
Class com.google.common.collect.ImmutableList                                         : loaded 2 times (x 166B)
Class org.gradle.api.internal.classpath.ManifestUtil                                  : loaded 2 times (x 69B)
Class org.gradle.api.specs.Spec                                                       : loaded 2 times (x 68B)
Class com.google.common.collect.RangeSet                                              : loaded 2 times (x 68B)
Class com.google.common.cache.CacheLoader$UnsupportedLoadingOperationException        : loaded 2 times (x 80B)
Class com.google.common.base.CharMatcher$Whitespace                                   : loaded 2 times (x 110B)
Class com.google.common.util.concurrent.ListenableFuture                              : loaded 2 times (x 68B)
Class com.google.common.collect.MapMaker$Dummy                                        : loaded 2 times (x 77B)
Class com.google.common.collect.Iterators$1                                           : loaded 2 times (x 79B)
Class com.google.common.collect.BaseImmutableMultimap                                 : loaded 2 times (x 121B)
Class com.google.common.collect.Iterators$4                                           : loaded 2 times (x 80B)
Class com.google.common.collect.RegularImmutableMap$BucketOverflowException           : loaded 2 times (x 80B)
Class com.google.common.collect.Iterators$5                                           : loaded 2 times (x 80B)
Class com.google.common.util.concurrent.AbstractFuture$UnsafeAtomicHelper             : loaded 2 times (x 76B)
Class com.google.common.base.Joiner                                                   : loaded 2 times (x 77B)
Class com.google.common.base.Equivalence$Equals                                       : loaded 2 times (x 80B)
Class com.google.common.base.Preconditions                                            : loaded 2 times (x 69B)
Class com.google.common.base.Function                                                 : loaded 2 times (x 68B)
Class com.google.common.collect.Iterators$9                                           : loaded 2 times (x 79B)
Class org.gradle.internal.IoActions                                                   : loaded 2 times (x 69B)
Class com.google.common.collect.MapMakerInternalMap$StrongKeyDummyValueEntry$Helper   : loaded 2 times (x 77B)
Class com.google.common.cache.ReferenceEntry                                          : loaded 2 times (x 68B)
Class com.google.common.collect.RegularImmutableMap$KeySet                            : loaded 2 times (x 148B)
Class com.google.common.collect.CollectPreconditions                                  : loaded 2 times (x 69B)
Class com.google.common.primitives.IntsMethodsForWeb                                  : loaded 2 times (x 69B)
Class com.google.common.collect.RangeGwtSerializationDependencies                     : loaded 2 times (x 69B)
Class com.google.common.collect.Maps                                                  : loaded 2 times (x 69B)
Class com.google.common.collect.RegularImmutableMap                                   : loaded 2 times (x 119B)
Class com.google.common.collect.AbstractIndexedListIterator                           : loaded 2 times (x 94B)
Class com.google.common.collect.ImmutableMultimap$Builder                             : loaded 2 times (x 81B)
Class com.google.common.base.CharMatcher$None                                         : loaded 2 times (x 110B)
Class [Lorg.apache.commons.io.StandardLineSeparator;                                  : loaded 2 times (x 67B)
Class org.gradle.api.internal.classpath.EffectiveClassPath                            : loaded 2 times (x 88B)
Class org.apache.commons.io.StandardLineSeparator                                     : loaded 2 times (x 77B)
Class org.apache.commons.io.output.AppendableWriter                                   : loaded 2 times (x 98B)
Class com.google.common.collect.UnmodifiableListIterator                              : loaded 2 times (x 93B)
Class com.google.common.io.Files                                                      : loaded 2 times (x 69B)
Class com.google.common.cache.CacheLoader$FunctionToCacheLoader                       : loaded 2 times (x 73B)
Class com.google.common.cache.CacheBuilder$1                                          : loaded 2 times (x 83B)
Class com.google.common.cache.CacheBuilder$2                                          : loaded 2 times (x 70B)
Class com.google.common.collect.ImmutableList$1                                       : loaded 2 times (x 95B)
Class com.google.common.base.Splitter$Strategy                                        : loaded 2 times (x 68B)
Class com.google.common.io.CharStreams                                                : loaded 2 times (x 69B)
Class com.google.common.collect.ImmutableMapEntrySet$RegularEntrySet                  : loaded 2 times (x 149B)
Class [Lcom.google.common.cache.RemovalListener;                                      : loaded 2 times (x 67B)
Class [Lcom.google.common.collect.ImmutableMapEntry;                                  : loaded 2 times (x 67B)
Class com.google.common.collect.Interners                                             : loaded 2 times (x 69B)
Class com.google.common.collect.MapMakerInternalMap$Strength$1                        : loaded 2 times (x 78B)
Class org.gradle.internal.installation.CurrentGradleInstallation                      : loaded 2 times (x 71B)
Class com.google.common.collect.MapMakerInternalMap$Strength$2                        : loaded 2 times (x 78B)
Class org.gradle.internal.agents.InstrumentingClassLoader                             : loaded 2 times (x 68B)
Class org.gradle.internal.installation.CurrentGradleInstallationLocator               : loaded 2 times (x 69B)
Class [Lcom.google.common.cache.LocalCache$Segment;                                   : loaded 2 times (x 67B)
Class org.gradle.api.internal.classpath.Module                                        : loaded 2 times (x 68B)
Class com.google.common.collect.ImmutableSortedSet                                    : loaded 2 times (x 233B)
Class com.google.common.base.Splitter$1$1                                             : loaded 2 times (x 84B)
Class com.google.common.collect.MapMakerInternalMap$Segment                           : loaded 2 times (x 140B)
Class com.google.common.collect.ImmutableSet$JdkBackedSetBuilderImpl                  : loaded 2 times (x 74B)
Class com.google.common.reflect.Types$TypeVariableInvocationHandler                   : loaded 2 times (x 73B)
Class com.google.common.reflect.Types$ClassOwnership                                  : loaded 2 times (x 78B)
Class com.google.common.collect.ImmutableSet$RegularSetBuilderImpl                    : loaded 2 times (x 75B)
Class [Lorg.objectweb.asm.AnnotationWriter;                                           : loaded 2 times (x 67B)
Class org.gradle.internal.service.CachingServiceLocator                               : loaded 2 times (x 80B)
Class [Lcom.google.common.collect.ImmutableEntry;                                     : loaded 2 times (x 67B)
Class com.google.common.collect.Sets$ImprovedAbstractSet                              : loaded 2 times (x 133B)
Class com.google.common.collect.AbstractMapBasedMultimap$AsMap                        : loaded 2 times (x 126B)
Class org.gradle.internal.classpath.DefaultClassPath                                  : loaded 2 times (x 88B)
Class com.google.common.collect.MapMakerInternalMap$1                                 : loaded 2 times (x 81B)
Class com.google.common.util.concurrent.AbstractFuture$SetFuture                      : loaded 2 times (x 73B)
Class com.google.common.collect.CollectCollectors                                     : loaded 2 times (x 69B)
Class com.google.common.collect.TransformedIterator                                   : loaded 2 times (x 78B)
Class com.google.common.base.Splitter$SplittingIterator                               : loaded 2 times (x 82B)
Class com.google.common.collect.ImmutableMultisetGwtSerializationDependencies         : loaded 2 times (x 123B)
Class com.google.common.reflect.TypeParameter                                         : loaded 2 times (x 70B)
Class com.google.common.collect.ImmutableListMultimap                                 : loaded 2 times (x 174B)
Class com.google.common.cache.LocalCache$LocalManualCache$1                           : loaded 2 times (x 73B)
Class org.gradle.internal.installation.GradleInstallation                             : loaded 2 times (x 73B)
Class com.google.common.reflect.Types$ClassOwnership$1LocalClass                      : loaded 2 times (x 69B)
Class [Lcom.google.common.collect.AbstractIterator$State;                             : loaded 2 times (x 67B)
Class org.objectweb.asm.SymbolTable$Entry                                             : loaded 2 times (x 72B)
Class [Lcom.google.common.cache.LocalCache$EntryFactory;                              : loaded 2 times (x 67B)
Class com.google.common.base.CharMatcher$Is                                           : loaded 2 times (x 109B)
Class com.google.common.base.Platform                                                 : loaded 2 times (x 69B)
Class com.google.common.collect.RegularImmutableAsList                                : loaded 2 times (x 176B)
Class com.google.common.base.Suppliers$NonSerializableMemoizingSupplier               : loaded 2 times (x 77B)
Class com.google.common.collect.PeekingIterator                                       : loaded 2 times (x 68B)
Class com.google.common.collect.ImmutableSetMultimap                                  : loaded 2 times (x 178B)
Class com.google.common.reflect.TypeResolver$TypeTable$1                              : loaded 2 times (x 71B)
Class com.google.common.collect.ImmutableMapEntrySet                                  : loaded 2 times (x 149B)
Class com.google.common.cache.CacheLoader                                             : loaded 2 times (x 72B)
Class com.google.common.collect.ImmutableBiMapFauxverideShim                          : loaded 2 times (x 118B)
Class org.objectweb.asm.MethodTooLargeException                                       : loaded 2 times (x 81B)
Class com.google.common.cache.Cache                                                   : loaded 2 times (x 68B)
Class com.google.common.collect.Maps$EntrySet                                         : loaded 2 times (x 134B)
Class org.gradle.internal.classloader.SystemClassLoaderSpec                           : loaded 2 times (x 69B)
Class com.google.common.io.LineBuffer                                                 : loaded 2 times (x 73B)
Class com.google.common.util.concurrent.internal.InternalFutureFailureAccess          : loaded 2 times (x 70B)
Class com.google.common.base.Charsets                                                 : loaded 2 times (x 69B)
Class com.google.common.primitives.Ints$IntConverter                                  : loaded 2 times (x 88B)
Class com.google.common.collect.SingletonImmutableSet                                 : loaded 2 times (x 144B)
Class com.google.common.collect.Interners$InternerBuilder                             : loaded 2 times (x 74B)
Class com.google.common.reflect.Types$TypeVariableImpl                                : loaded 2 times (x 70B)
Class [Lcom.google.common.base.AbstractIterator$State;                                : loaded 2 times (x 67B)
Class com.google.common.collect.ImmutableMap$Builder                                  : loaded 2 times (x 80B)
Class com.google.common.io.LineReader$1                                               : loaded 2 times (x 73B)
Class com.google.common.base.AbstractIterator                                         : loaded 2 times (x 78B)
Class org.objectweb.asm.ClassWriter                                                   : loaded 2 times (x 104B)
Class com.google.common.collect.Range                                                 : loaded 2 times (x 85B)
Class org.apache.commons.io.IOUtils                                                   : loaded 2 times (x 69B)
Class com.google.common.base.AbstractIterator$1                                       : loaded 2 times (x 69B)
Class [Lcom.google.common.cache.CacheBuilder$OneWeigher;                              : loaded 2 times (x 67B)
Class com.google.common.collect.Iterators                                             : loaded 2 times (x 69B)
Class com.google.common.base.CharMatcher$1                                            : loaded 2 times (x 111B)
Class com.google.common.base.CharMatcher$Ascii                                        : loaded 2 times (x 110B)
Class com.google.common.cache.LocalCache$ComputingValueReference                      : loaded 2 times (x 94B)
Class com.google.common.collect.ImmutableList$SerializedForm                          : loaded 2 times (x 71B)
Class org.gradle.api.UncheckedIOException                                             : loaded 2 times (x 80B)
Class com.google.common.base.CharMatcher$And                                          : loaded 2 times (x 110B)
Class com.google.common.io.Files$FileByteSink                                         : loaded 2 times (x 75B)
Class [Lcom.google.common.io.FileWriteMode;                                           : loaded 2 times (x 67B)
Class com.google.common.collect.IndexedImmutableSet                                   : loaded 2 times (x 148B)
Class com.google.common.base.ExtraObjectsMethodsForWeb                                : loaded 2 times (x 69B)
Class com.google.common.collect.AbstractListMultimap                                  : loaded 2 times (x 170B)
Class com.google.common.base.CharMatcher$Any                                          : loaded 2 times (x 110B)
Class org.gradle.internal.classloader.ClasspathUtil$1                                 : loaded 2 times (x 74B)
Class org.apache.commons.io.output.UnsynchronizedByteArrayOutputStream                : loaded 2 times (x 100B)
Class com.google.common.cache.LocalCache$Strength                                     : loaded 2 times (x 79B)
Class com.google.common.collect.AbstractMapBasedMultimap$KeySet                       : loaded 2 times (x 135B)
Class com.google.common.collect.SortedIterable                                        : loaded 2 times (x 68B)
Class com.google.common.collect.ArrayListMultimapGwtSerializationDependencies         : loaded 2 times (x 170B)
Class com.google.common.base.CharMatcher$RangesMatcher                                : loaded 2 times (x 110B)
Class com.google.common.collect.AbstractMapBasedMultimap$RandomAccessWrappedList      : loaded 2 times (x 165B)
Class org.objectweb.asm.Handler                                                       : loaded 2 times (x 70B)
Class com.google.common.collect.ImmutableList$SubList                                 : loaded 2 times (x 168B)
Class com.google.common.cache.LocalCache$ValueReference                               : loaded 2 times (x 68B)
Class com.google.common.collect.CollectSpliterators                                   : loaded 2 times (x 69B)
Class com.google.common.io.Java8Compatibility                                         : loaded 2 times (x 69B)
Class org.gradle.internal.classloader.ClasspathUtil                                   : loaded 2 times (x 69B)
Class org.apache.commons.io.FileUtils                                                 : loaded 2 times (x 69B)
Class org.objectweb.asm.CurrentFrame                                                  : loaded 2 times (x 71B)
Class com.google.common.util.concurrent.AbstractFuture                                : loaded 2 times (x 93B)
Class com.google.common.reflect.TypeResolver                                          : loaded 2 times (x 70B)
Class com.google.common.base.Splitter$1                                               : loaded 2 times (x 75B)
Class com.google.common.collect.TransformedListIterator                               : loaded 2 times (x 91B)
Class com.google.common.base.Ticker$1                                                 : loaded 2 times (x 70B)
Class com.google.common.collect.Maps$BiMapConverter                                   : loaded 2 times (x 88B)
Class org.gradle.api.internal.DefaultClassPathRegistry                                : loaded 2 times (x 74B)
Class com.google.common.collect.AbstractIterator$State                                : loaded 2 times (x 77B)
Class com.google.common.util.concurrent.AbstractFuture$Cancellation                   : loaded 2 times (x 70B)
Class [Lorg.objectweb.asm.Symbol;                                                     : loaded 2 times (x 67B)
Class com.google.common.collect.Interner                                              : loaded 2 times (x 68B)
Class com.google.common.collect.ImmutableSet$SetBuilderImpl                           : loaded 2 times (x 74B)
Class org.gradle.api.internal.classpath.DefaultModuleRegistry$DefaultModule           : loaded 2 times (x 84B)
Class com.google.common.io.LineReader                                                 : loaded 2 times (x 70B)
Class com.google.common.base.CharMatcher$JavaIsoControl                               : loaded 2 times (x 110B)
Class com.google.common.collect.ImmutableMap$1                                        : loaded 2 times (x 79B)
Class com.google.common.base.CharMatcher$Or                                           : loaded 2 times (x 110B)
Class org.gradle.kotlin.dsl.VersionCatalogAccessorsKt                                 : loaded 2 times (x 69B)
Class com.google.common.base.Suppliers$SupplierOfInstance                             : loaded 2 times (x 77B)
Class org.objectweb.asm.RecordComponentVisitor                                        : loaded 2 times (x 75B)
Class com.google.common.reflect.Types$ClassOwnership$1                                : loaded 2 times (x 78B)
Class com.google.common.reflect.Invokable                                             : loaded 2 times (x 99B)
Class com.google.common.reflect.Types$ClassOwnership$2                                : loaded 2 times (x 78B)
Class com.google.common.reflect.Types$ClassOwnership$3                                : loaded 2 times (x 69B)
Class com.google.common.cache.LocalCache$HashIterator                                 : loaded 2 times (x 84B)
Class com.google.common.collect.Iterables                                             : loaded 2 times (x 69B)
Class com.google.common.base.CharMatcher$JavaLowerCase                                : loaded 2 times (x 109B)
Class com.google.common.cache.LocalCache$WriteThroughEntry                            : loaded 2 times (x 77B)
Class org.objectweb.asm.ClassTooLargeException                                        : loaded 2 times (x 81B)
Class org.gradle.api.internal.classpath.UnknownModuleException                        : loaded 2 times (x 80B)
Class com.google.common.collect.FluentIterable                                        : loaded 2 times (x 79B)
Class com.google.common.util.concurrent.AbstractFuture$Listener                       : loaded 2 times (x 70B)
Class org.apache.commons.io.output.AbstractByteArrayOutputStream                      : loaded 2 times (x 100B)
Class com.google.common.collect.MapMakerInternalMap$StrongKeyDummyValueEntry$LinkedStrongKeyDummyValueEntry: loaded 2 times (x 80B)
Class com.google.common.collect.Iterables$4                                           : loaded 2 times (x 79B)
Class org.objectweb.asm.Edge                                                          : loaded 2 times (x 70B)
Class com.google.common.collect.Maps$EntryTransformer                                 : loaded 2 times (x 68B)
Class com.google.common.collect.ImmutableCollection$Builder                           : loaded 2 times (x 74B)
Class [Lorg.objectweb.asm.SymbolTable$Entry;                                          : loaded 2 times (x 67B)
Class com.google.common.reflect.Types$JavaVersion                                     : loaded 2 times (x 81B)
Class com.google.common.collect.SingletonImmutableBiMap                               : loaded 2 times (x 141B)
Class org.apache.commons.io.file.PathFilter                                           : loaded 2 times (x 68B)
Class com.google.common.base.CommonPattern                                            : loaded 2 times (x 72B)
Class com.google.common.base.Suppliers$MemoizingSupplier                              : loaded 2 times (x 77B)
Class com.google.common.base.Suppliers                                                : loaded 2 times (x 69B)
Class [Lcom.google.common.collect.Iterators$EmptyModifiableIterator;                  : loaded 2 times (x 67B)
Class org.objectweb.asm.ClassVisitor                                                  : loaded 2 times (x 86B)
Class com.google.common.collect.MapMakerInternalMap$StrongKeyDummyValueEntry          : loaded 2 times (x 80B)
Class com.google.common.cache.LoadingCache                                            : loaded 2 times (x 68B)
Class org.gradle.internal.service.ServiceLookupException                              : loaded 2 times (x 80B)
Class com.google.common.collect.MapMakerInternalMap$StrongKeyDummyValueSegment        : loaded 2 times (x 140B)
Class org.gradle.cache.GlobalCache                                                    : loaded 2 times (x 68B)
Class com.google.common.base.Present                                                  : loaded 2 times (x 79B)
Class com.google.common.base.CharMatcher$NegatedFastMatcher                           : loaded 2 times (x 111B)
Class [Lorg.gradle.api.internal.ClassPathProvider;                                    : loaded 2 times (x 67B)
Class com.google.common.util.concurrent.AbstractFuture$SafeAtomicHelper               : loaded 2 times (x 77B)
Class com.google.common.collect.ImmutableMultimap$Values                              : loaded 2 times (x 124B)
Class org.gradle.util.internal.GUtil                                                  : loaded 2 times (x 69B)
Class com.google.common.math.IntMath                                                  : loaded 2 times (x 69B)
Class [Lcom.google.common.reflect.Types$JavaVersion;                                  : loaded 2 times (x 67B)
Class com.google.common.collect.AbstractIterator                                      : loaded 2 times (x 80B)
Class org.gradle.internal.classloader.ClassLoaderSpec                                 : loaded 2 times (x 69B)
Class com.google.common.io.LineProcessor                                              : loaded 2 times (x 68B)
Class com.google.common.base.NullnessCasts                                            : loaded 2 times (x 69B)
Class com.google.common.io.CharSink                                                   : loaded 2 times (x 77B)
Class org.objectweb.asm.Frame                                                         : loaded 2 times (x 71B)
Class com.google.common.cache.LocalCache$LocalManualCache                             : loaded 2 times (x 97B)
Class com.google.common.collect.AbstractMapEntry                                      : loaded 2 times (x 79B)
Class com.google.common.collect.ImmutableList$Builder                                 : loaded 2 times (x 75B)
Class com.google.common.base.CharMatcher$Negated                                      : loaded 2 times (x 111B)
Class com.google.common.cache.CacheLoader$1                                           : loaded 2 times (x 73B)
Class [Lcom.google.common.collect.MapMakerInternalMap$Strength;                       : loaded 2 times (x 67B)
Class com.google.common.util.concurrent.AbstractFuture$TrustedFuture                  : loaded 2 times (x 95B)
Class com.google.common.collect.MapMakerInternalMap$InternalEntry                     : loaded 2 times (x 68B)
Class org.apache.commons.io.FileExistsException                                       : loaded 2 times (x 80B)
Class com.google.common.collect.Maps$ViewCachingAbstractMap                           : loaded 2 times (x 123B)
Class com.google.common.collect.Sets                                                  : loaded 2 times (x 69B)
Class com.google.common.collect.ImmutableSet$Builder                                  : loaded 2 times (x 83B)
Class com.google.common.collect.MapMakerInternalMap                                   : loaded 2 times (x 159B)
Class com.google.common.base.CharMatcher$ForPredicate                                 : loaded 2 times (x 110B)
Class com.google.common.collect.ImmutableMap$MapViewOfValuesAsSingletonSets           : loaded 2 times (x 123B)
Class org.apache.commons.io.output.StringBuilderWriter                                : loaded 2 times (x 98B)
Class com.google.common.collect.ImmutableMapKeySet                                    : loaded 2 times (x 148B)
Class com.google.common.base.MoreObjects                                              : loaded 2 times (x 69B)
Class com.google.common.collect.SortedMapDifference                                   : loaded 2 times (x 68B)
Class org.objectweb.asm.SymbolTable                                                   : loaded 2 times (x 70B)
Class [Lorg.objectweb.asm.AnnotationVisitor;                                          : loaded 2 times (x 67B)
Class com.google.common.cache.CacheStats                                              : loaded 2 times (x 69B)
Class org.objectweb.asm.Attribute                                                     : loaded 2 times (x 75B)
Class org.gradle.internal.classloader.VisitableURLClassLoader                         : loaded 2 times (x 115B)
Class com.google.common.cache.LocalCache$LocalLoadingCache                            : loaded 2 times (x 132B)
Class com.google.common.base.Supplier                                                 : loaded 2 times (x 68B)
Class com.google.common.collect.ImmutableMultimap$Keys                                : loaded 2 times (x 164B)
Class com.google.common.base.Objects                                                  : loaded 2 times (x 69B)
Class com.google.common.util.concurrent.AbstractFuture$AtomicHelper                   : loaded 2 times (x 76B)
Class com.google.common.collect.ImmutableBiMap                                        : loaded 2 times (x 141B)
Class org.gradle.internal.Cast                                                        : loaded 2 times (x 69B)
Class com.google.common.reflect.TypeCapture                                           : loaded 2 times (x 69B)
Class org.gradle.api.internal.ClassPathRegistry                                       : loaded 2 times (x 68B)
Class com.google.common.cache.LocalCache$EntryFactory                                 : loaded 2 times (x 81B)
Class com.google.common.util.concurrent.UncheckedExecutionException                   : loaded 2 times (x 80B)
Class com.google.common.collect.ImmutableSet                                          : loaded 2 times (x 143B)
Class org.gradle.internal.classloader.VisitableURLClassLoader$InstrumentingVisitableURLClassLoader: loaded 2 times (x 121B)
Class org.gradle.internal.classloader.ClassLoaderHierarchy                            : loaded 2 times (x 68B)
Class com.google.common.io.Closer$Suppressor                                          : loaded 2 times (x 68B)
Class com.google.common.collect.AbstractMapBasedMultimap$WrappedList                  : loaded 2 times (x 165B)
Class [Lorg.objectweb.asm.Type;                                                       : loaded 2 times (x 67B)
Class com.google.common.collect.MapMakerInternalMap$WeakValueReference                : loaded 2 times (x 68B)
Class com.google.common.base.AbstractIterator$State                                   : loaded 2 times (x 77B)
Class com.google.common.cache.Weigher                                                 : loaded 2 times (x 68B)
Class com.google.common.collect.MapMakerInternalMap$StrongValueEntry                  : loaded 2 times (x 68B)
Class com.google.common.base.CharMatcher$NamedFastMatcher                             : loaded 2 times (x 110B)
Class org.gradle.internal.InternalTransformer                                         : loaded 2 times (x 68B)
Class org.apache.commons.io.output.NullOutputStream                                   : loaded 2 times (x 83B)
Class org.gradle.internal.service.ServiceLocator                                      : loaded 2 times (x 68B)
Class Settings_gradle$1                                                               : loaded 2 times (x 72B)
Class com.google.common.collect.ImmutableRangeSet$1                                   : loaded 2 times (x 169B)
Class com.google.common.util.concurrent.SettableFuture                                : loaded 2 times (x 95B)
Class com.google.common.io.Files$2                                                    : loaded 2 times (x 74B)
Class com.google.common.collect.ImmutableMapEntry                                     : loaded 2 times (x 83B)
Class com.google.common.reflect.Types$ParameterizedTypeImpl                           : loaded 2 times (x 79B)
Class com.google.common.base.CharMatcher$Invisible                                    : loaded 2 times (x 110B)
Class com.google.common.base.Joiner$1                                                 : loaded 2 times (x 78B)
Class com.google.common.collect.MapMaker                                              : loaded 2 times (x 70B)
Class com.google.common.base.Joiner$2                                                 : loaded 2 times (x 77B)
Class com.google.common.collect.ImmutableMultiset                                     : loaded 2 times (x 161B)
Class com.google.common.reflect.Types$JavaVersion$1                                   : loaded 2 times (x 81B)
Class com.google.common.base.CharMatcher$FastMatcher                                  : loaded 2 times (x 109B)
Class com.google.common.reflect.Types$JavaVersion$2                                   : loaded 2 times (x 81B)
Class com.google.common.reflect.Types$JavaVersion$3                                   : loaded 2 times (x 81B)
Class org.gradle.internal.classpath.DefaultClassPath$ImmutableUniqueList              : loaded 2 times (x 159B)
Class com.google.common.reflect.Types$JavaVersion$4                                   : loaded 2 times (x 81B)
Class com.google.common.reflect.Types$JavaVersion$5                                   : loaded 2 times (x 69B)
Class com.google.common.base.CharMatcher$JavaLetter                                   : loaded 2 times (x 109B)
Class com.google.common.collect.ImmutableMultimap$1                                   : loaded 2 times (x 80B)
Class com.google.common.collect.ImmutableMultimap$2                                   : loaded 2 times (x 79B)
Class org.gradle.internal.classpath.TransformedClassPath                              : loaded 2 times (x 94B)
Class com.google.common.collect.MapDifference                                         : loaded 2 times (x 68B)
Class com.google.common.reflect.TypeToken$SimpleTypeToken                             : loaded 2 times (x 71B)
Class com.google.common.collect.Sets$1                                                : loaded 2 times (x 137B)
Class com.google.common.collect.Sets$2                                                : loaded 2 times (x 137B)
Class com.google.common.util.concurrent.AbstractFuture$Trusted                        : loaded 2 times (x 68B)
Class com.google.common.collect.Sets$3                                                : loaded 2 times (x 137B)
Class com.google.common.graph.SuccessorsFunction                                      : loaded 2 times (x 68B)
Class com.google.common.collect.Sets$4                                                : loaded 2 times (x 137B)
Class com.google.common.reflect.Types$NativeTypeVariableEquals                        : loaded 2 times (x 69B)
Class Settings_gradle                                                                 : loaded 2 times (x 126B)
Class com.google.common.io.ByteSink                                                   : loaded 2 times (x 74B)
Class com.google.common.collect.AbstractMapBasedMultimap$WrappedCollection$WrappedIterator: loaded 2 times (x 82B)
Class org.objectweb.asm.MethodWriter                                                  : loaded 2 times (x 104B)
Class com.google.common.collect.Platform                                              : loaded 2 times (x 69B)
Class com.google.common.collect.ImmutableAsList                                       : loaded 2 times (x 169B)
Class com.google.common.util.concurrent.ExecutionError                                : loaded 2 times (x 80B)
Class com.google.common.io.ByteSink$AsCharSink                                        : loaded 2 times (x 78B)
Class com.google.common.base.Equivalence$Identity                                     : loaded 2 times (x 80B)
Class com.google.common.base.CharMatcher$AnyOf                                        : loaded 2 times (x 110B)
Class com.google.common.base.CharMatcher$IsEither                                     : loaded 2 times (x 109B)
Class com.google.common.collect.AbstractIterator$1                                    : loaded 2 times (x 69B)
Class com.google.common.cache.LocalCache                                              : loaded 2 times (x 185B)
Class com.google.common.collect.ImmutableRangeSet$Builder                             : loaded 2 times (x 75B)
Class com.google.common.collect.RegularImmutableList                                  : loaded 2 times (x 172B)
Class com.google.common.util.concurrent.AbstractFuture$UnsafeAtomicHelper$1           : loaded 2 times (x 74B)
Class com.google.common.base.CharMatcher$JavaUpperCase                                : loaded 2 times (x 109B)
Class com.google.common.collect.Multiset                                              : loaded 2 times (x 68B)
Class com.google.common.collect.ImmutableSet$CachingAsList                            : loaded 2 times (x 145B)
Class com.google.common.reflect.Invokable$ConstructorInvokable                        : loaded 2 times (x 103B)
Class org.objectweb.asm.MethodVisitor                                                 : loaded 2 times (x 103B)
Class com.google.common.collect.AbstractMapBasedMultimap$KeySet$1                     : loaded 2 times (x 80B)
Class com.google.common.collect.ImmutableMapEntry$NonTerminalImmutableMapEntry        : loaded 2 times (x 83B)
Class com.google.common.collect.AbstractMapBasedMultimap                              : loaded 2 times (x 137B)


---------------  S Y S T E M  ---------------

OS:
 Windows 11 , 64 bit Build 22621 (10.0.22621.4391)
OS uptime: 1 days 17:47 hours
Hyper-V role detected

CPU: total 8 (initial active 8) (4 cores per cpu, 2 threads per core) family 6 model 126 stepping 5 microcode 0xc2, cx8, cmov, fxsr, ht, mmx, 3dnowpref, sse, sse2, sse3, ssse3, sse4.1, sse4.2, popcnt, lzcnt, tsc, tscinvbit, avx, avx2, aes, erms, clmul, bmi1, bmi2, adx, avx512f, avx512dq, avx512cd, avx512bw, avx512vl, sha, fma, vzeroupper, avx512_vpopcntdq, avx512_vpclmulqdq, avx512_vaes, avx512_vnni, clflush, clflushopt, avx512_vbmi2, avx512_vbmi, hv
Processor Information for all 8 processors :
  Max Mhz: 1190, Current Mhz: 991, Mhz Limit: 987

Memory: 4k page, system-wide physical 16151M (2980M free)
TotalPageFile size 18199M (AvailPageFile size 14M)
current process WorkingSet (physical memory assigned to process): 836M, peak: 836M
current process commit charge ("private bytes"): 1087M, peak: 1090M

vm_info: OpenJDK 64-Bit Server VM (17.0.11+0--11852314) for windows-amd64 JRE (17.0.11+0--11852314), built on May 16 2024 21:29:20 by "androidbuild" with MS VC++ 16.10 / 16.11 (VS2019)

END.
